avx2;pack;32;33554432;4;128;51737053;188428997;538312704;36298752
avx2;pack;31;33554432;4;128;118074022;418454593;538506880;36564608
avx2;pack;30;33554432;4;128;115951932;411453251;538334592;36523200
avx2;pack;29;33554432;4;128;116212145;420149383;538376704;36535872
avx2;pack;28;33554432;4;128;112520328;406834961;538621248;36580608
avx2;pack;27;33554432;4;128;116081482;411772426;538403584;36542848
avx2;pack;26;33554432;4;128;114447665;407957252;538436224;36548800
avx2;pack;25;33554432;4;128;117410381;405822276;538552960;36598080
avx2;pack;24;33554432;4;128;108324349;373879319;538580672;36589376
avx2;pack;23;33554432;4;128;113764859;403216274;538522752;36571072
avx2;pack;22;33554432;4;128;113831846;394693592;538684224;36584320
avx2;pack;21;33554432;4;128;114220964;395421954;538467904;36550848
avx2;pack;20;33554432;4;128;110003423;382621834;538516544;36671808
avx2;pack;19;33554432;4;128;108771711;393939222;538412480;36529088
avx2;pack;18;33554432;4;128;112114734;387342904;538460672;36548224
avx2;pack;17;33554432;4;128;112178328;387137931;538376128;36539840
avx2;pack;16;33554432;4;128;55935574;203394255;538294208;36356864
avx2;pack;15;33554432;4;128;112979714;392208730;538543424;36581568
avx2;pack;14;33554432;4;128;106712662;377919059;538371200;36508480
avx2;pack;13;33554432;4;128;106518346;377810404;538555520;36555840
avx2;pack;12;33554432;4;128;100018173;362187909;538340608;36535744
avx2;pack;11;33554432;4;128;106369732;377243934;538331200;36531392
avx2;pack;10;33554432;4;128;106530947;377487340;538357888;36508736
avx2;pack;9;33554432;4;128;101534898;359409330;538687808;36834048
avx2;pack;8;33554432;4;128;69672639;245470061;538399680;36411456
avx2;pack;7;33554432;4;128;102635776;343949091;538291648;35689408
avx2;pack;6;33554432;4;128;100105870;354843288;538312000;36483072
avx2;pack;5;33554432;4;128;98969245;339634230;538322496;36515904
avx2;pack;4;33554432;4;128;71086194;257576087;538256384;36400320
avx2;pack;3;33554432;4;128;98629073;338203564;538525120;36500928
avx2;pack;2;33554432;4;128;94148042;340921991;538344960;36470528
avx2;pack;1;33554432;4;128;96788441;331659726;538291712;36503296
avx2;pack;32;33554432;4;256;63314706;211592481;538358656;36376896
avx2;pack;31;33554432;4;256;115128452;416855933;538359040;36531456
avx2;pack;30;33554432;4;256;112568577;406967602;538521984;36542080
avx2;pack;29;33554432;4;256;116197062;412663039;538401792;36593984
avx2;pack;28;33554432;4;256;111376583;394580935;538443328;36533760
avx2;pack;27;33554432;4;256;116785645;404239986;538429568;36584576
avx2;pack;26;33554432;4;256;113042610;403405555;539210112;36607360
avx2;pack;25;33554432;4;256;116337124;403058716;538393472;36506560
avx2;pack;24;33554432;4;256;107357143;369231220;538398656;36554688
avx2;pack;23;33554432;4;256;111990911;398625306;538578560;36590976
avx2;pack;22;33554432;4;256;112492756;387632458;538597952;36547712
avx2;pack;21;33554432;4;256;112847921;390986563;538807488;36577920
avx2;pack;20;33554432;4;256;105220017;381959425;538543744;36579712
avx2;pack;19;33554432;4;256;111263264;383508203;538534720;36571072
avx2;pack;18;33554432;4;256;108647870;383952864;538537344;36540032
avx2;pack;17;33554432;4;256;110926768;382503574;538578304;36570880
avx2;pack;16;33554432;4;256;56576849;197763028;538470656;36384000
avx2;pack;15;33554432;4;256;109361395;388460594;538585216;36559552
avx2;pack;14;33554432;4;256;108600044;375478604;538492352;36530304
avx2;pack;13;33554432;4;256;108222573;372751051;538397440;36529344
avx2;pack;12;33554432;4;256;100679532;356595344;538471168;36514048
avx2;pack;11;33554432;4;256;108801640;376493971;538490240;36545280
avx2;pack;10;33554432;4;256;104872155;379649002;538438464;36543104
avx2;pack;9;33554432;4;256;98965336;360897727;538473152;36517056
avx2;pack;8;33554432;4;256;69209607;244410350;538338624;36408128
avx2;pack;7;33554432;4;256;97546975;345172189;538473472;36508992
avx2;pack;6;33554432;4;256;101848290;357555841;540340544;36948800
avx2;pack;5;33554432;4;256;94504370;342686324;538356032;36518912
avx2;pack;4;33554432;4;256;74171624;250112905;538275776;36441600
avx2;pack;3;33554432;4;256;95014993;336903092;538334592;36517248
avx2;pack;2;33554432;4;256;93457061;337568678;538626432;36782528
avx2;pack;1;33554432;4;256;95939172;328845890;538449024;36518080
avx2;pack;32;33554432;4;512;62753487;209552730;538330496;36375744
avx2;pack;31;33554432;4;512;114797915;415221161;538456512;36564608
avx2;pack;30;33554432;4;512;113661098;404634267;538476736;36591296
avx2;pack;29;33554432;4;512;119022110;410829128;538495040;36596864
avx2;pack;28;33554432;4;512;110851408;393602473;538416704;36577600
avx2;pack;27;33554432;4;512;116848409;404658164;538426816;36563520
avx2;pack;26;33554432;4;512;116106086;403380102;538462400;36572992
avx2;pack;25;33554432;4;512;116530792;401859436;538398400;36577664
avx2;pack;24;33554432;4;512;107150900;369472660;538411648;36515136
avx2;pack;23;33554432;4;512;111870514;396874613;538750400;36905216
avx2;pack;22;33554432;4;512;111788583;385951451;538385920;36545344
avx2;pack;21;33554432;4;512;112337125;388097258;538441792;36550336
avx2;pack;20;33554432;4;512;106510240;378885493;538478656;36559360
avx2;pack;19;33554432;4;512;106851561;386681001;538392896;36526656
avx2;pack;18;33554432;4;512;110487181;381383483;538451904;36525120
avx2;pack;17;33554432;4;512;107866544;382912716;538436800;36539328
avx2;pack;16;33554432;4;512;55653383;202724864;538311808;36388160
avx2;pack;15;33554432;4;512;107327895;388465255;538475648;36537792
avx2;pack;14;33554432;4;512;108634414;375713872;538435648;36527168
avx2;pack;13;33554432;4;512;105362028;373445845;538520256;36564224
avx2;pack;12;33554432;4;512;100525954;355684726;538531200;36553984
avx2;pack;11;33554432;4;512;107494415;370307641;538668480;36569024
avx2;pack;10;33554432;4;512;106259081;377792626;538733760;36598784
avx2;pack;9;33554432;4;512;99958900;356132350;538496192;36557696
avx2;pack;8;33554432;4;512;71474757;240693408;538577152;36450496
avx2;pack;7;33554432;4;512;97021244;343361481;538477184;36484544
avx2;pack;6;33554432;4;512;101166971;347721118;538497600;36536704
avx2;pack;5;33554432;4;512;95534356;339391754;538558208;36542336
avx2;pack;4;33554432;4;512;70233551;256376393;538449600;36408832
avx2;pack;3;33554432;4;512;96946240;332393682;538428544;36494208
avx2;pack;2;33554432;4;512;96964646;332070510;538437824;36507200
avx2;pack;1;33554432;4;512;91582915;331408627;538508544;36485440
avx2;pack;32;33554432;4;1024;60805263;215161109;538553984;36384128
avx2;pack;31;33554432;4;1024;120225747;416950208;538648320;36613568
avx2;pack;30;33554432;4;1024;117305920;409066418;539481152;36993408
avx2;pack;29;33554432;4;1024;120628330;417476517;538599808;36602048
avx2;pack;28;33554432;4;1024;112584985;400258970;538523840;36603584
avx2;pack;27;33554432;4;1024;118648062;410670177;538514304;36551488
avx2;pack;26;33554432;4;1024;114572869;407114303;538505280;36582272
avx2;pack;25;33554432;4;1024;117258641;405578619;538444544;36548416
avx2;pack;24;33554432;4;1024;107683178;370975937;538379008;36528256
avx2;pack;23;33554432;4;1024;111352692;397286553;539160896;36542976
avx2;pack;22;33554432;4;1024;114731957;396057172;538427776;36587840
avx2;pack;21;33554432;4;1024;112874262;389497433;538437568;36578880
avx2;pack;20;33554432;4;1024;108933214;375418612;538387648;36515648
avx2;pack;19;33554432;4;1024;111438902;384518206;538409024;36540224
avx2;pack;18;33554432;4;1024;110938697;384528686;539223552;36646208
avx2;pack;17;33554432;4;1024;108271220;384029344;538439616;36570048
avx2;pack;16;33554432;4;1024;58724725;194865449;538823936;36467392
avx2;pack;15;33554432;4;1024;111318368;386302090;538462336;36568896
avx2;pack;14;33554432;4;1024;108454795;374739576;538417856;36554304
avx2;pack;13;33554432;4;1024;105933352;375745645;538400896;36518592
avx2;pack;12;33554432;4;1024;99915858;354535820;538417984;36533568
avx2;pack;11;33554432;4;1024;107921538;371819952;538404992;36566144
avx2;pack;10;33554432;4;1024;106363821;378862997;538401600;36557248
avx2;pack;9;33554432;4;1024;98909179;358814214;538539456;36515712
avx2;pack;8;33554432;4;1024;71140467;240005137;538342016;36440000
avx2;pack;7;33554432;4;1024;97863943;346051091;538369472;36522688
avx2;pack;6;33554432;4;1024;101121860;348273627;538549952;36526784
avx2;pack;5;33554432;4;1024;98398839;340440375;538619264;36706240
avx2;pack;4;33554432;4;1024;71459257;251478472;538310784;36416192
avx2;pack;3;33554432;4;1024;93755915;339914508;538485952;36518016
avx2;pack;2;33554432;4;1024;96490943;331699744;538282496;36478848
avx2;pack;1;33554432;4;1024;95796711;328839760;538334080;36486656
avx2;pack;32;33554432;4;2048;63038108;212814779;538470784;36356672
avx2;pack;31;33554432;4;2048;119139817;412264147;538487552;36602240
avx2;pack;30;33554432;4;2048;117045148;404994191;538438144;36570880
avx2;pack;29;33554432;4;2048;119978336;415466775;538551808;36571712
avx2;pack;28;33554432;4;2048;111608721;396391821;538685184;36614976
avx2;pack;27;33554432;4;2048;116956731;406291050;538572608;36582464
avx2;pack;26;33554432;4;2048;115928243;402478980;538791168;36624832
avx2;pack;25;33554432;4;2048;108987920;376873025;538653376;36604096
avx2;pack;24;33554432;4;2048;104355067;371050529;538410624;36511360
avx2;pack;23;33554432;4;2048;111819597;397407605;538425664;36571200
avx2;pack;22;33554432;4;2048;111878189;386159840;538482880;36585600
avx2;pack;21;33554432;4;2048;112316643;387867770;538465664;36584960
avx2;pack;20;33554432;4;2048;106724896;377405812;538559552;36547776
avx2;pack;19;33554432;4;2048;108324632;384016285;538447552;36537408
avx2;pack;18;33554432;4;2048;110282276;380730644;538498880;36593920
avx2;pack;17;33554432;4;2048;112935880;390138304;538618304;36569280
avx2;pack;16;33554432;4;2048;58512542;193664566;538341888;36376256
avx2;pack;15;33554432;4;2048;110631790;382854453;538472256;36576384
avx2;pack;14;33554432;4;2048;105028734;379879604;538448320;36532608
avx2;pack;13;33554432;4;2048;107980586;372137856;538376320;36514752
avx2;pack;12;33554432;4;2048;101855102;352056488;538641856;36607232
avx2;pack;11;33554432;4;2048;107026476;369663985;538367232;36526848
avx2;pack;10;33554432;4;2048;108266633;372974693;538402816;36556864
avx2;pack;9;33554432;4;2048;100157068;353443025;538387136;36551488
avx2;pack;8;33554432;4;2048;71146887;240396533;538312448;36416448
avx2;pack;7;33554432;4;2048;97102735;343626923;538396736;36522752
avx2;pack;6;33554432;4;2048;100786387;346145958;538316096;36500480
avx2;pack;5;33554432;4;2048;93947652;339887428;538382656;36512000
avx2;pack;4;33554432;4;2048;73577755;249283502;538246656;36417152
avx2;pack;3;33554432;4;2048;94667795;335097593;538336768;36476288
avx2;pack;2;33554432;4;2048;93961429;333209889;538460160;36476160
avx2;pack;1;33554432;4;2048;92687925;328672612;538291968;36501888
avx2;pack;32;33554432;4;4096;63608110;211995606;538350720;36280192
avx2;pack;31;33554432;4;4096;120227530;415580423;538402496;36579584
avx2;pack;30;33554432;4;4096;116687141;402599322;538435328;36573248
avx2;pack;29;33554432;4;4096;118607445;411275524;538423232;36577024
avx2;pack;28;33554432;4;4096;110977468;392890813;538585344;36554624
avx2;pack;27;33554432;4;4096;116264926;403036304;538417216;36537408
avx2;pack;26;33554432;4;4096;115286768;398434932;538419840;36570944
avx2;pack;25;33554432;4;4096;116208355;402865588;538773440;36616704
avx2;pack;24;33554432;4;4096;106995472;370308984;538559360;36584896
avx2;pack;23;33554432;4;4096;111882999;396464333;538508032;36562368
avx2;pack;22;33554432;4;4096;111825967;384850559;538578240;36568320
avx2;pack;21;33554432;4;4096;108179182;392995192;538595456;36602176
avx2;pack;20;33554432;4;4096;109039091;376499793;538452224;36549312
avx2;pack;19;33554432;4;4096;108083325;383829589;538803328;36921728
avx2;pack;18;33554432;4;4096;109996740;380108309;538411712;36556672
avx2;pack;17;33554432;4;4096;109814202;379134577;538375104;36528192
avx2;pack;16;33554432;4;4096;58633005;194119701;538346368;36414848
avx2;pack;15;33554432;4;4096;110473748;383268870;539118592;36623680
avx2;pack;14;33554432;4;4096;104968105;379863681;538365952;36511872
avx2;pack;13;33554432;4;4096;107757482;370899368;538544576;36566720
avx2;pack;12;33554432;4;4096;101976455;350628836;538355008;36543616
avx2;pack;11;33554432;4;4096;107344347;369051225;538455360;36524608
avx2;pack;10;33554432;4;4096;105949893;385634670;540917760;37056320
avx2;pack;9;33554432;4;4096;99808207;353563085;538371776;36518912
avx2;pack;8;33554432;4;4096;71344742;240806061;538327168;36411456
avx2;pack;7;33554432;4;4096;97124243;343671588;538447872;36490432
avx2;pack;6;33554432;4;4096;100651907;346009580;538455296;36540928
avx2;pack;5;33554432;4;4096;95452455;338999676;539125952;36583552
avx2;pack;4;33554432;4;4096;73723223;249545927;538548480;36452992
avx2;pack;3;33554432;4;4096;96809933;332275110;538417344;36489152
avx2;pack;2;33554432;4;4096;93625407;331403268;538363904;36512960
avx2;pack;1;33554432;4;4096;92501963;328829376;538544000;36516672
avx2;pack;32;33554432;4;8192;68145703;230120182;539150336;36404224
avx2;pack;31;33554432;4;8192;120265126;417041137;538646912;36610944
avx2;pack;30;33554432;4;8192;114307837;406660592;538689664;36627776
avx2;pack;29;33554432;4;8192;119236823;412242238;538525312;36573248
avx2;pack;28;33554432;4;8192;111118976;394628381;538605632;36595648
avx2;pack;27;33554432;4;8192;117631870;405802045;538503232;36255872
avx2;pack;26;33554432;4;8192;112981271;400658860;538854272;36917824
avx2;pack;25;33554432;4;8192;116289786;401937448;538503104;36548544
avx2;pack;24;33554432;4;8192;106951799;369176885;538454656;36522560
avx2;pack;23;33554432;4;8192;112075542;396902209;538490688;36544192
avx2;pack;22;33554432;4;8192;111640070;385870809;538485312;36542016
avx2;pack;21;33554432;4;8192;112313831;387820445;538599040;36556672
avx2;pack;20;33554432;4;8192;106323367;377613124;538481664;36569792
avx2;pack;19;33554432;4;8192;106824952;388827388;538752704;36569536
avx2;pack;18;33554432;4;8192;110343482;381835263;538606528;36554048
avx2;pack;17;33554432;4;8192;107573883;381194870;538543872;36528960
avx2;pack;16;33554432;4;8192;56865100;207310411;538564160;36402560
avx2;pack;15;33554432;4;8192;110608170;381668854;538549376;36576704
avx2;pack;14;33554432;4;8192;106475429;378716040;538703808;36552000
avx2;pack;13;33554432;4;8192;108600572;375777526;538930432;36899712
avx2;pack;12;33554432;4;8192;98436062;356287159;538552832;36515648
avx2;pack;11;33554432;4;8192;107357301;369625704;538563904;36583616
avx2;pack;10;33554432;4;8192;106023372;375570968;538454720;36570624
avx2;pack;9;33554432;4;8192;98466648;357061023;539455360;36519168
avx2;pack;8;33554432;4;8192;69306533;244161888;538316608;36400832
avx2;pack;7;33554432;4;8192;97247809;343464289;538421184;36525568
avx2;pack;6;33554432;4;8192;100622368;345271590;538353408;36494208
avx2;pack;5;33554432;4;8192;93581984;338852179;538343680;36465472
avx2;pack;4;33554432;4;8192;73737639;249102521;538270272;36404096
avx2;pack;3;33554432;4;8192;96844245;333340625;538403648;36531648
avx2;pack;2;33554432;4;8192;92286260;334085171;538318400;36473664
avx2;pack;1;33554432;4;8192;91129153;330069083;538338432;36472832
avx2;pack;32;33554432;4;16384;65721424;231568528;538602496;36409472
avx2;pack;31;33554432;4;16384;120278162;417590079;539036288;36711808
avx2;pack;30;33554432;4;16384;114364153;406650558;538684608;36617472
avx2;pack;29;33554432;4;16384;119109195;412918762;538591808;36595776
avx2;pack;28;33554432;4;16384;111359569;394443180;538530368;36579328
avx2;pack;27;33554432;4;16384;116916009;404728316;538677440;36642432
avx2;pack;26;33554432;4;16384;115574420;399132478;538598976;36625984
avx2;pack;25;33554432;4;16384;116299571;402383507;538651776;36607552
avx2;pack;24;33554432;4;16384;106969654;369032144;538586880;36603200
avx2;pack;23;33554432;4;16384;111732158;396380478;538503936;36591936
avx2;pack;22;33554432;4;16384;111506206;387342798;538609344;36604992
avx2;pack;21;33554432;4;16384;108119183;391003879;538486848;36550080
avx2;pack;20;33554432;4;16384;108583839;374358777;539362304;37014656
avx2;pack;19;33554432;4;16384;108121046;383563319;538544832;36600000
avx2;pack;18;33554432;4;16384;110124582;379429747;538463168;36594368
avx2;pack;17;33554432;4;16384;107639293;380738754;538440384;36542144
avx2;pack;16;33554432;4;16384;56864964;206295876;538435776;36409536
avx2;pack;15;33554432;4;16384;110467883;381267622;538511680;36592704
avx2;pack;14;33554432;4;16384;106498549;376357398;538487808;36549632
avx2;pack;13;33554432;4;16384;105185329;372818702;538512960;36540160
avx2;pack;12;33554432;4;16384;99872768;353792876;538486016;36551744
avx2;pack;11;33554432;4;16384;104686456;370969217;538432640;36556288
avx2;pack;10;33554432;4;16384;105797116;375898176;538507840;36543104
avx2;pack;9;33554432;4;16384;99906240;354583103;538496384;36507456
avx2;pack;8;33554432;4;16384;71770324;243584957;538669440;36629568
avx2;pack;7;33554432;4;16384;96807712;342990921;538541440;36518080
avx2;pack;6;33554432;4;16384;100213668;345031185;538499264;36530176
avx2;pack;5;33554432;4;16384;94954271;337102552;538607680;36519424
avx2;pack;4;33554432;4;16384;71490544;251758741;538436544;36447616
avx2;pack;3;33554432;4;16384;92824288;336283235;538461248;36528064
avx2;pack;2;33554432;4;16384;96000517;329908538;538384064;36505344
avx2;pack;1;33554432;4;16384;95078427;325907660;538334016;36463552
avx2;pack;32;33554432;4;32768;69959318;234795612;538367872;36296384
avx2;pack;31;33554432;4;32768;120257489;415955873;538558080;36600000
avx2;pack;30;33554432;4;32768;113484007;410995179;538712896;36597696
avx2;pack;29;33554432;4;32768;116608861;414836187;538717760;36651840
avx2;pack;28;33554432;4;32768;111345478;395617406;538790784;36638784
avx2;pack;27;33554432;4;32768;116706701;403821044;538677824;36630144
avx2;pack;26;33554432;4;32768;115702253;399807260;538710144;36610432
avx2;pack;25;33554432;4;32768;116259624;402290752;538698304;36629952
avx2;pack;24;33554432;4;32768;106808700;369272286;539305920;36690752
avx2;pack;23;33554432;4;32768;111599148;396220309;538572352;36637568
avx2;pack;22;33554432;4;32768;111243431;384536926;538539840;36614080
avx2;pack;21;33554432;4;32768;107921747;391538435;538655744;36650304
avx2;pack;20;33554432;4;32768;108332304;373602672;538534656;36633664
avx2;pack;19;33554432;4;32768;107716136;382602770;538482432;36583360
avx2;pack;18;33554432;4;32768;106361219;384629407;538525248;36623232
avx2;pack;17;33554432;4;32768;109678858;378641034;538610880;36629120
avx2;pack;16;33554432;4;32768;57798618;202302399;538641088;36493248
avx2;pack;15;33554432;4;32768;111717137;377161541;538542784;35813760
avx2;pack;14;33554432;4;32768;108453411;373780064;538644416;36623424
avx2;pack;13;33554432;4;32768;104869644;372767592;538529920;36601792
avx2;pack;12;33554432;4;32768;99789092;354151381;538449600;36533696
avx2;pack;11;33554432;4;32768;107212294;371160062;538540480;36578048
avx2;pack;10;33554432;4;32768;106059246;374463535;538488960;36568256
avx2;pack;9;33554432;4;32768;100149751;353088939;538436160;36544256
avx2;pack;8;33554432;4;32768;71580889;241297892;538504640;36541568
avx2;pack;7;33554432;4;32768;96792419;342248096;538436736;36544704
avx2;pack;6;33554432;4;32768;100307110;346237424;538588096;36554816
avx2;pack;5;33554432;4;32768;94922851;335690788;538396864;36509824
avx2;pack;4;33554432;4;32768;71613153;251861742;538374656;36474816
avx2;pack;3;33554432;4;32768;96528403;331157618;538355520;36523200
avx2;pack;2;33554432;4;32768;93863146;332252272;538348288;36490816
avx2;pack;1;33554432;4;32768;92699668;327549713;538459072;36516480
avx2;pack;32;33554432;4;65536;87626865;298643695;538403072;36174016
avx2;pack;31;33554432;4;65536;128404350;445027677;538612672;36597312
avx2;pack;30;33554432;4;65536;126516815;439299551;538625344;36566720
avx2;pack;29;33554432;4;65536;127240507;441472782;538648832;36574400
avx2;pack;28;33554432;4;65536;123097118;429490656;538634368;36559296
avx2;pack;27;33554432;4;65536;122716557;435819915;538738688;36622976
avx2;pack;26;33554432;4;65536;124079368;430632828;538819520;36597888
avx2;pack;25;33554432;4;65536;123214635;426754540;538661824;36601728
avx2;pack;24;33554432;4;65536;113941566;404259574;538685888;36554944
avx2;pack;23;33554432;4;65536;120918618;418322580;538515008;36558656
avx2;pack;22;33554432;4;65536;119868876;417119855;539061696;36899968
avx2;pack;21;33554432;4;65536;119903977;415429134;538549120;36548800
avx2;pack;20;33554432;4;65536;113819816;403826276;538687360;36604032
avx2;pack;19;33554432;4;65536;118281051;409066556;538497408;36579008
avx2;pack;18;33554432;4;65536;117134163;417162355;539089344;36585216
avx2;pack;17;33554432;4;65536;113362006;402228266;538505152;36559616
avx2;pack;16;33554432;4;65536;64293949;214934586;538461568;36370816
avx2;pack;15;33554432;4;65536;115611027;399267099;538674112;36571840
avx2;pack;14;33554432;4;65536;112670668;390028568;539257152;36571328
avx2;pack;13;33554432;4;65536;110493761;380949972;538490880;36532928
avx2;pack;12;33554432;4;65536;103509233;367904636;538517312;36554624
avx2;pack;11;33554432;4;65536;107440066;381775495;538455680;36505728
avx2;pack;10;33554432;4;65536;73691371;265917221;538386624;36413888
avx2;pack;9;33554432;4;65536;102126323;363351187;539185408;36562176
avx2;pack;8;33554432;4;65536;70927809;250425695;538401536;36413184
avx2;pack;7;33554432;4;65536;98229421;348787271;538609856;36588992
avx2;pack;6;33554432;4;65536;101213069;348656826;538418880;36550080
avx2;pack;5;33554432;4;65536;97444765;334759077;538404160;36518720
avx2;pack;4;33554432;4;65536;74135840;251892858;539005056;36472192
avx2;pack;3;33554432;4;65536;92930214;335886914;538461440;36539328
avx2;pack;2;33554432;4;65536;96054601;329613385;538361920;36515264
avx2;pack;1;33554432;4;65536;95265664;325835131;538433664;36502336
avx2;pack;32;33554432;4;131072;89179429;305250992;538413632;35884672
avx2;pack;31;33554432;4;131072;128575504;447660314;539678144;36657920
avx2;pack;30;33554432;4;131072;108970917;376851599;538974208;36541952
avx2;pack;29;33554432;4;131072;127442010;441484209;538957888;36607232
avx2;pack;28;33554432;4;131072;122914365;428466920;539085824;36624448
avx2;pack;27;33554432;4;131072;122834953;440106071;539075200;36629760
avx2;pack;26;33554432;4;131072;123881852;429291275;538752000;36532288
avx2;pack;25;33554432;4;131072;119866449;433247978;538770752;36595392
avx2;pack;24;33554432;4;131072;117936324;408328766;538886592;36596992
avx2;pack;23;33554432;4;131072;120929682;418837209;538724096;36581952
avx2;pack;22;33554432;4;131072;117499671;417593680;538722560;36589696
avx2;pack;21;33554432;4;131072;117585519;417464680;538669696;36527488
avx2;pack;20;33554432;4;131072;112425843;406743043;538622976;36513408
avx2;pack;19;33554432;4;131072;115485549;410408918;538730176;36559232
avx2;pack;18;33554432;4;131072;116971638;405215725;538618368;36538240
avx2;pack;17;33554432;4;131072;116095989;404429495;539046208;36623040
avx2;pack;16;33554432;4;131072;64602817;216359245;538666560;36382400
avx2;pack;15;33554432;4;131072;115754937;400573255;538572224;36517888
avx2;pack;14;33554432;4;131072;112724056;388603667;538609600;36568512
avx2;pack;13;33554432;4;131072;110644072;382882365;538657536;36559296
avx2;pack;12;33554432;4;131072;104198504;369619367;538728256;36570368
avx2;pack;11;33554432;4;131072;108111407;382922368;538670208;36577664
avx2;pack;10;33554432;4;131072;129512231;447541691;537051520;38829440
avx2;pack;9;33554432;4;131072;102661290;367198043;538611648;36473792
avx2;pack;8;33554432;4;131072;72101316;252238588;538473344;36398592
avx2;pack;7;33554432;4;131072;98779325;357432014;538638080;36548544
avx2;pack;6;33554432;4;131072;102268831;351917069;538471744;36505216
avx2;pack;5;33554432;4;131072;98814182;344180461;539939904;36503424
avx2;pack;4;33554432;4;131072;74591609;253772900;538436608;36439360
avx2;pack;3;33554432;4;131072;94788893;335618493;538344704;36449856
avx2;pack;2;33554432;4;131072;93014564;336647202;538326528;36442944
avx2;pack;1;33554432;4;131072;95400436;326247360;538310336;36446976
avx2;pack;32;33554432;4;262144;87818282;301719341;538682304;35363456
avx2;pack;31;33554432;4;262144;124702023;453624360;539477696;36638912
avx2;pack;30;33554432;4;262144;124485155;441924065;539444672;36619392
avx2;pack;29;33554432;4;262144;127347130;441050234;539325504;36615744
avx2;pack;28;33554432;4;262144;123137609;427539804;539530560;36584064
avx2;pack;27;33554432;4;262144;125062080;433414418;539226304;36561408
avx2;pack;26;33554432;4;262144;123678330;430066601;540019008;36657536
avx2;pack;25;33554432;4;262144;121078941;430619989;539188608;36557952
avx2;pack;24;33554432;4;262144;115870833;400688713;539153216;36574848
avx2;pack;23;33554432;4;262144;120708723;418260693;539108224;36552192
avx2;pack;22;33554432;4;262144;119956820;414928861;539121088;36561728
avx2;pack;21;33554432;4;262144;117781604;417544960;539345024;36616128
avx2;pack;20;33554432;4;262144;114275081;405713154;539207872;36598592
avx2;pack;19;33554432;4;262144;118409932;411777762;539354368;36603904
avx2;pack;18;33554432;4;262144;114777484;408847233;539152896;36596928
avx2;pack;17;33554432;4;262144;113463962;403586536;539158400;36612544
avx2;pack;16;33554432;4;262144;64746713;216690001;538936704;36400704
avx2;pack;15;33554432;4;262144;115701289;400253727;538884864;36582208
avx2;pack;14;33554432;4;262144;112737396;389015058;538846272;36570560
avx2;pack;13;33554432;4;262144;110634122;384319289;538763520;36546944
avx2;pack;12;33554432;4;262144;104016541;368419185;538747264;36509504
avx2;pack;11;33554432;4;262144;107713459;383001738;539029312;36875328
avx2;pack;10;33554432;4;262144;107050596;387034048;538860736;36579648
avx2;pack;9;33554432;4;262144;105200687;361408740;538779776;36524544
avx2;pack;8;33554432;4;262144;74142528;252542489;538597056;36446016
avx2;pack;7;33554432;4;262144;101395442;349142928;538713088;36550656
avx2;pack;6;33554432;4;262144;100284966;354690411;538515008;36535296
avx2;pack;5;33554432;4;262144;98870477;339404228;538606912;36492032
avx2;pack;4;33554432;4;262144;74636344;252077900;538527616;36068736
avx2;pack;3;33554432;4;262144;95056161;337307606;538479552;36473472
avx2;pack;2;33554432;4;262144;94525133;335132250;538380864;36513856
avx2;pack;1;33554432;4;262144;91217452;330521931;538305472;36465216
avx2;pack;32;33554432;4;524288;87177193;308865638;538557248;34323264
avx2;pack;31;33554432;4;524288;126133052;448488682;540415040;36580416
avx2;pack;30;33554432;4;524288;128409494;461065897;543904576;36780608
avx2;pack;29;33554432;4;524288;127555640;442983395;540499776;36625216
avx2;pack;28;33554432;4;524288;123348680;426785503;540283072;36599232
avx2;pack;27;33554432;4;524288;125093392;434205985;540160128;36568192
avx2;pack;26;33554432;4;524288;121456799;431421331;540084736;36602176
avx2;pack;25;33554432;4;524288;102564629;352689780;540214976;36552640
avx2;pack;24;33554432;4;524288;116038965;401180775;540151168;36608512
avx2;pack;23;33554432;4;524288;121200637;420985483;540184256;36599680
avx2;pack;22;33554432;4;524288;120050826;416530447;539985280;36604032
avx2;pack;21;33554432;4;524288;120241329;417644409;540630336;36643264
avx2;pack;20;33554432;4;524288;114101341;404581686;539744512;36575232
avx2;pack;19;33554432;4;524288;115772603;410160741;539576704;36539520
avx2;pack;18;33554432;4;524288;114676141;406852116;539970752;36903872
avx2;pack;17;33554432;4;524288;116323966;402859583;539516736;36566272
avx2;pack;16;33554432;4;524288;64898508;216867869;539624704;36438208
avx2;pack;15;33554432;4;524288;115788951;400434680;539338688;36552320
avx2;pack;14;33554432;4;524288;112758065;389767789;539415680;36556480
avx2;pack;13;33554432;4;524288;110804322;381872227;539204608;36525632
avx2;pack;12;33554432;4;524288;103946655;370360364;539181504;36558208
avx2;pack;11;33554432;4;524288;107878699;382371514;539114560;36548736
avx2;pack;10;33554432;4;524288;110617531;382326830;539009728;36531456
avx2;pack;9;33554432;4;524288;102732431;363980735;538934400;36547264
avx2;pack;8;33554432;4;524288;72031760;252676067;538819008;36399744
avx2;pack;7;33554432;4;524288;97537889;355716696;539239168;36594944
avx2;pack;6;33554432;4;524288;102402698;351794180;538788480;36520384
avx2;pack;5;33554432;4;524288;98982846;339479613;538649344;36523904
avx2;pack;4;33554432;4;524288;74736153;251952073;538648832;36447680
avx2;pack;3;33554432;4;524288;94655476;335107865;538537920;36477696
avx2;pack;2;33554432;4;524288;94519579;335708010;538489024;36467392
avx2;pack;1;33554432;4;524288;92806625;328032469;538421760;36491776
avx2;pack;32;33554432;4;1048576;89413008;304361394;538439168;32213248
avx2;pack;31;33554432;4;1048576;126133498;448858507;542550848;36624064
avx2;pack;30;33554432;4;1048576;119956386;416281988;542613888;36616768
avx2;pack;29;33554432;4;1048576;125370125;444099705;542280768;36630144
avx2;pack;28;33554432;4;1048576;123640699;427930978;542259648;36596672
avx2;pack;27;33554432;4;1048576;125400194;436507786;542339072;36620736
avx2;pack;26;33554432;4;1048576;124349998;431561935;542044160;36587520
avx2;pack;25;33554432;4;1048576;121254804;432710375;542133696;36817920
avx2;pack;24;33554432;4;1048576;116128519;401517526;541665408;36540032
avx2;pack;23;33554432;4;1048576;121093464;419716122;541463680;36564416
avx2;pack;22;33554432;4;1048576;120057791;415961052;541420608;36593408
avx2;pack;21;33554432;4;1048576;117609033;417864143;541192256;36556800
avx2;pack;20;33554432;4;1048576;114352580;405130284;541066560;36548608
avx2;pack;19;33554432;4;1048576;115977382;410871050;540942528;36587904
avx2;pack;18;33554432;4;1048576;114884719;407218610;540788544;36515072
avx2;pack;17;33554432;4;1048576;113656500;402986252;540662464;36573120
avx2;pack;16;33554432;4;1048576;64998900;218436470;540532736;36407552
avx2;pack;15;33554432;4;1048576;116099133;401908962;540421120;36540544
avx2;pack;14;33554432;4;1048576;112822466;392245240;540326592;36584448
avx2;pack;13;33554432;4;1048576;110733512;382817621;540064192;36515072
avx2;pack;12;33554432;4;1048576;103801158;368747939;539961344;36504832
avx2;pack;11;33554432;4;1048576;96871191;346348152;540652096;36573312
avx2;pack;10;33554432;4;1048576;110723129;382743415;539716544;36523584
avx2;pack;9;33554432;4;1048576;102961778;364531360;539741120;36553728
avx2;pack;8;33554432;4;1048576;71856955;253700949;539476224;36444992
avx2;pack;7;33554432;4;1048576;101276040;348183331;539233792;36523968
avx2;pack;6;33554432;4;1048576;100195587;356477939;539934720;36598336
avx2;pack;5;33554432;4;1048576;96519789;342342561;539220224;36491008
avx2;pack;4;33554432;4;1048576;74900906;252658883;538953728;36424192
avx2;pack;3;33554432;4;1048576;94883218;335734293;538735616;36506496
avx2;pack;2;33554432;4;1048576;97095882;332874003;538625216;36512640
avx2;pack;1;33554432;4;1048576;95224515;329407695;539258496;36556352
avx2;pack;32;33554432;4;2097152;87478353;311039702;538725760;28206912
avx2;pack;31;33554432;4;2097152;126657411;452465587;547012864;36762432
avx2;pack;30;33554432;4;2097152;124986354;445483336;546614400;36685632
avx2;pack;29;33554432;4;2097152;125496049;445704226;546522496;36768320
avx2;pack;28;33554432;4;2097152;123376853;428217406;545976832;36660480
avx2;pack;27;33554432;4;2097152;125719620;436285099;545722112;36705408
avx2;pack;26;33554432;4;2097152;124587414;439513991;547483392;37158016
avx2;pack;25;33554432;4;2097152;124111173;429417270;545084032;36647232
avx2;pack;24;33554432;4;2097152;116413496;402310910;544849088;36611328
avx2;pack;23;33554432;4;2097152;121570596;420814094;544698112;36667008
avx2;pack;22;33554432;4;2097152;117749707;418424033;544404288;36641280
avx2;pack;21;33554432;4;2097152;120192767;416134835;544056320;36653376
avx2;pack;20;33554432;4;2097152;108708621;375832182;543868928;36609216
avx2;pack;19;33554432;4;2097152;118454093;409558993;543612288;36669568
avx2;pack;18;33554432;4;2097152;117450958;407566098;543459712;36664128
avx2;pack;17;33554432;4;2097152;114062897;406549584;543098432;36628736
avx2;pack;16;33554432;4;2097152;63070899;220576266;542838272;36480128
avx2;pack;15;33554432;4;2097152;116314728;404228904;542606976;36638784
avx2;pack;14;33554432;4;2097152;112924758;389999758;542257152;36607744
avx2;pack;13;33554432;4;2097152;110974325;385403587;542178496;36630976
avx2;pack;12;33554432;4;2097152;106317403;368195997;541701056;36582208
avx2;pack;11;33554432;4;2097152;110185728;380386233;541322560;36535488
avx2;pack;10;33554432;4;2097152;110849924;382231501;541077760;36549760
avx2;pack;9;33554432;4;2097152;103030720;365276714;540803200;36520192
avx2;pack;8;33554432;4;2097152;72072738;253569917;540504128;36456064
avx2;pack;7;33554432;4;2097152;101328161;348016054;540242816;36546176
avx2;pack;6;33554432;4;2097152;102281958;352015660;539979328;36511296
avx2;pack;5;33554432;4;2097152;98854340;339469159;539656512;36502592
avx2;pack;4;33554432;4;2097152;72440966;255866574;539387648;36421440
avx2;pack;3;33554432;4;2097152;97129044;332620036;539133632;36494656
avx2;pack;2;33554432;4;2097152;94831222;335458157;538823872;36477824
avx2;pack;1;33554432;4;2097152;95276299;325758772;538835264;36530496
avx2;pack;32;33554432;4;4194304;89028159;314448279;562568128;43506368
avx2;pack;31;33554432;4;4194304;128349569;456199790;567783040;49243264
avx2;pack;30;33554432;4;4194304;128310749;445657940;564719680;46848320
avx2;pack;29;33554432;4;4194304;126096089;449742509;563297984;45466176
avx2;pack;28;33554432;4;4194304;122169208;435566947;561404928;43894656
avx2;pack;27;33554432;4;4194304;123908499;440704204;558855552;42506176
avx2;pack;26;33554432;4;4194304;122308573;435256184;557242944;41483520
avx2;pack;25;33554432;4;4194304;122239306;434825427;555911552;40654080
avx2;pack;24;33554432;4;4194304;117149721;407811012;555266432;40403008
avx2;pack;23;33554432;4;4194304;119657735;424872542;553972928;39672832
avx2;pack;22;33554432;4;4194304;121145889;427551109;553311424;39314112
avx2;pack;21;33554432;4;4194304;116632979;423107183;551926976;38801984
avx2;pack;20;33554432;4;4194304;117169888;405319323;551273088;38636096
avx2;pack;19;33554432;4;4194304;118049273;419907679;550492800;38229056
avx2;pack;18;33554432;4;4194304;113430508;409721839;549509504;37964096
avx2;pack;17;33554432;4;4194304;116693690;408797507;549437504;37277760
avx2;pack;16;33554432;4;4194304;64863439;217072915;549508544;38983552
avx2;pack;15;33554432;4;4194304;116133080;401978903;547296832;37495936
avx2;pack;14;33554432;4;4194304;110486901;392142168;546553216;37287872
avx2;pack;13;33554432;4;4194304;111147469;383971005;546007168;37230528
avx2;pack;12;33554432;4;4194304;106711028;366649989;545259904;37035776
avx2;pack;11;33554432;4;4194304;108020267;382923844;544700544;37052032
avx2;pack;10;33554432;4;4194304;110903551;382957730;544427520;37091328
avx2;pack;9;33554432;4;4194304;102920712;364941280;543531328;36907392
avx2;pack;8;33554432;4;4194304;72093045;254040723;543130240;36927296
avx2;pack;7;33554432;4;4194304;101621683;349581430;542328960;36777280
avx2;pack;6;33554432;4;4194304;97185941;334355706;541860736;36726464
avx2;pack;5;33554432;4;4194304;99000575;340001749;541262528;36695040
avx2;pack;4;33554432;4;4194304;72418661;259996211;540992000;36836608
avx2;pack;3;33554432;4;4194304;97287519;334206905;540092736;36645312
avx2;pack;2;33554432;4;4194304;94874650;336196358;539523968;36561280
avx2;pack;1;33554432;4;4194304;95058814;326405793;538910272;36534912
avx2;pack;32;33554432;4;8388608;110729161;399957021;1061798656;538727808
avx2;pack;31;33554432;4;8388608;150760242;529075532;1040901568;516129152
avx2;pack;30;33554432;4;8388608;149010447;522661722;1021145984;497073472
avx2;pack;29;33554432;4;8388608;142679255;514496100;1001095168;477417856
avx2;pack;28;33554432;4;8388608;142202793;495276136;980135232;456829440
avx2;pack;27;33554432;4;8388608;142232379;495618217;959218176;436163072
avx2;pack;26;33554432;4;8388608;140835688;490241513;937457088;414790592
avx2;pack;25;33554432;4;8388608;139460589;485962431;913324608;391014720
avx2;pack;24;33554432;4;8388608;129205711;448945484;893704960;371933568
avx2;pack;23;33554432;4;8388608;135089873;471011660;864117376;342422592
avx2;pack;22;33554432;4;8388608;129851172;461163031;838977408;318051968
avx2;pack;21;33554432;4;8388608;127044073;460162864;808242304;287556416
avx2;pack;20;33554432;4;8388608;123516066;438651038;782005248;262081728
avx2;pack;19;33554432;4;8388608;125546839;435166405;750570752;231016256
avx2;pack;18;33554432;4;8388608;119274869;431270009;718121152;199275520
avx2;pack;17;33554432;4;8388608;122404834;423086879;694881216;176644288
avx2;pack;16;33554432;4;8388608;69955763;246993867;750085504;234580800
avx2;pack;15;33554432;4;8388608;120723790;418277168;652443776;135793408
avx2;pack;14;33554432;4;8388608;115553040;411135761;633442368;117582208
avx2;pack;13;33554432;4;8388608;115241510;398563227;623356736;108357568
avx2;pack;12;33554432;4;8388608;108672005;374805028;609158848;95075840
avx2;pack;11;33554432;4;8388608;112788084;389834106;597155776;84156480
avx2;pack;10;33554432;4;8388608;113030302;390586196;589466816;77378368
avx2;pack;9;33554432;4;8388608;104768606;371980387;578171008;67038016
avx2;pack;8;33554432;4;8388608;74743350;253075407;579263744;69027584
avx2;pack;7;33554432;4;8388608;98481285;359056195;564269952;55128512
avx2;pack;6;33554432;4;8388608;103001636;354394383;557461248;49211392
avx2;pack;5;33554432;4;8388608;99300927;341876314;554311168;47303616
avx2;pack;4;33554432;4;8388608;75449317;254716507;552773184;46483648
avx2;pack;3;33554432;4;8388608;95107474;337425528;546668032;41646272
avx2;pack;2;33554432;4;8388608;93131151;338043134;542939776;38951616
avx2;pack;1;33554432;4;8388608;92793658;328274049;540596096;37685696
avx2;pack;32;33554432;4;16777216;113800928;392311256;1076006016;552981312
avx2;pack;31;33554432;4;16777216;149694220;533704869;1059289664;535084416
avx2;pack;30;33554432;4;16777216;149025697;520126874;1042647552;518828480
avx2;pack;29;33554432;4;16777216;147265871;514990335;1026031936;502129920
avx2;pack;28;33554432;4;16777216;141020074;501793135;1008872064;485777536
avx2;pack;27;33554432;4;16777216;143345597;499577840;992148096;469113472
avx2;pack;26;33554432;4;16777216;141900497;493946511;975259008;452850752
avx2;pack;25;33554432;4;16777216;141303486;492760079;958477632;436246464
avx2;pack;24;33554432;4;16777216;128864419;458889462;942047424;420022848
avx2;pack;23;33554432;4;16777216;134780259;479024922;924998720;403353280
avx2;pack;22;33554432;4;16777216;132134359;470413418;908060736;387004352
avx2;pack;21;33554432;4;16777216;131539098;467466637;891247552;370507136
avx2;pack;20;33554432;4;16777216;126860836;451225356;875104128;354361088
avx2;pack;19;33554432;4;16777216;129176857;450870527;858425280;338339840
avx2;pack;18;33554432;4;16777216;126980929;441101609;840923520;321607808
avx2;pack;17;33554432;4;16777216;124390850;443572369;824128000;305210880
avx2;pack;16;33554432;4;16777216;71674105;259898751;807378048;291476928
avx2;pack;15;33554432;4;16777216;121255900;439252065;790581568;272835328
avx2;pack;14;33554432;4;16777216;121405281;423253334;776235648;256620864
avx2;pack;13;33554432;4;16777216;120135787;415203462;756548096;240321536
avx2;pack;12;33554432;4;16777216;112369727;389024634;740125184;224326080
avx2;pack;11;33554432;4;16777216;117111984;405219650;722152576;207222080
avx2;pack;10;33554432;4;16777216;116943477;405853760;705001024;191028352
avx2;pack;9;33554432;4;16777216;108012950;383745743;687917952;174842240
avx2;pack;8;33554432;4;16777216;75774799;267235055;671055872;159483328
avx2;pack;7;33554432;4;16777216;104892841;362105671;653123840;141693056
avx2;pack;6;33554432;4;16777216;103779150;368078749;636037504;125863360
avx2;pack;5;33554432;4;16777216;101611148;350587939;618558080;109171840
avx2;pack;4;33554432;4;16777216;74281021;262997431;601264192;93256896
avx2;pack;3;33554432;4;16777216;96729891;342731017;582728576;76009024
avx2;pack;2;33554432;4;16777216;96119247;339581999;567384128;62228032
avx2;pack;1;33554432;4;16777216;95515084;327464881;551005632;47398336
avx2;pack;32;33554432;4;33554432;114303173;402625694;1078141440;553587136
avx2;pack;31;33554432;4;33554432;151271272;528340174;1059293888;535134656
avx2;pack;30;33554432;4;33554432;149299077;521927288;1042601344;518668608
avx2;pack;29;33554432;4;33554432;146519734;513288496;1025969856;502091968
avx2;pack;28;33554432;4;33554432;140864549;502920340;1009027712;485746240
avx2;pack;27;33554432;4;33554432;141428364;504194746;992553472;469418624
avx2;pack;26;33554432;4;33554432;139532998;497636195;975301696;452946176
avx2;pack;25;33554432;4;33554432;138991347;495009390;958470336;436297152
avx2;pack;24;33554432;4;33554432;128646429;457406528;941803584;420041408
avx2;pack;23;33554432;4;33554432;134474645;479127426;925007424;403415488
avx2;pack;22;33554432;4;33554432;134460270;467234510;908142400;387022848
avx2;pack;21;33554432;4;33554432;132512614;470994118;891359232;370656000
avx2;pack;20;33554432;4;33554432;129184169;448000279;874368384;354282368
avx2;pack;19;33554432;4;33554432;129183545;448809985;857791232;338033152
avx2;pack;18;33554432;4;33554432;127992135;446365209;841007424;321587968
avx2;pack;17;33554432;4;33554432;126555088;439533685;823988352;305292544
avx2;pack;16;33554432;4;33554432;74457016;251871385;807066112;291413952
avx2;pack;15;33554432;4;33554432;121306417;440590001;791161536;272985024
avx2;pack;14;33554432;4;33554432;123356446;427125563;773841088;256864384
avx2;pack;13;33554432;4;33554432;119790859;414842252;756810176;240565312
avx2;pack;12;33554432;4;33554432;84863154;289972561;740100800;225546944
avx2;pack;11;33554432;4;33554432;114699726;406684175;723716416;208651520
avx2;pack;10;33554432;4;33554432;116898444;406792132;706479104;192358336
avx2;pack;9;33554432;4;33554432;110293290;380458096;689582080;176536576
avx2;pack;8;33554432;4;33554432;74339055;270176260;672753216;161116032
avx2;pack;7;33554432;4;33554432;105271105;361704768;656083456;144780928
avx2;pack;6;33554432;4;33554432;105858882;364605902;639307520;129043968
avx2;pack;5;33554432;4;33554432;101231034;349104836;622387264;113253952
avx2;pack;4;33554432;4;33554432;76387946;259015742;605664768;97767168
avx2;pack;3;33554432;4;33554432;99225307;342457079;589814464;82506368
avx2;pack;2;33554432;4;33554432;98644574;339568977;572266304;66849600
avx2;pack;1;33554432;4;33554432;69149937;243447277;555277568;51515072
