ByteSlicing-avx2;pack;32;33554432;4;128;66575467;242021211;538378368;36338240
ByteSlicing-avx2;pack;31;33554432;4;128;67876885;238634190;538560704;36654272
ByteSlicing-avx2;pack;30;33554432;4;128;67951194;238236422;538321024;36419456
ByteSlicing-avx2;pack;29;33554432;4;128;67867980;238644098;538244032;36381824
ByteSlicing-avx2;pack;28;33554432;4;128;67860970;239104297;538420480;36460416
ByteSlicing-avx2;pack;27;33554432;4;128;70276405;237628727;539249408;36483904
ByteSlicing-avx2;pack;26;33554432;4;128;67966626;240059507;538405568;36447104
ByteSlicing-avx2;pack;25;33554432;4;128;67798198;239254515;538419392;36419584
ByteSlicing-avx2;pack;24;33554432;4;128;67138823;235067144;538388800;36408640
ByteSlicing-avx2;pack;23;33554432;4;128;69275047;232396458;538286464;36402816
ByteSlicing-avx2;pack;22;33554432;4;128;66772277;235110600;538282048;36427456
ByteSlicing-avx2;pack;21;33554432;4;128;69190533;232880144;538292352;36399168
ByteSlicing-avx2;pack;20;33554432;4;128;69156520;232282112;538274496;36398912
ByteSlicing-avx2;pack;19;33554432;4;128;66908953;236169953;538486592;36415936
ByteSlicing-avx2;pack;18;33554432;4;128;69205272;232719554;538301696;36441728
ByteSlicing-avx2;pack;17;33554432;4;128;69029683;234504800;538290752;36422208
ByteSlicing-avx2;pack;16;33554432;4;128;63566152;212986213;538382656;36371008
ByteSlicing-avx2;pack;15;33554432;4;128;63382046;211562483;538280192;36375360
ByteSlicing-avx2;pack;14;33554432;4;128;61610875;215806945;538335616;36415360
ByteSlicing-avx2;pack;13;33554432;4;128;63253312;212098764;538289472;36367680
ByteSlicing-avx2;pack;12;33554432;4;128;60224036;219059254;538287040;36365696
ByteSlicing-avx2;pack;11;33554432;4;128;63201851;212068502;538294400;36359040
ByteSlicing-avx2;pack;10;33554432;4;128;63596654;213812330;538527488;36431424
ByteSlicing-avx2;pack;9;33554432;4;128;61702779;216755566;538457280;36390720
ByteSlicing-avx2;pack;8;33554432;4;128;62453121;207883908;538325056;36369472
ByteSlicing-avx2;pack;7;33554432;4;128;60217187;211603350;538335808;36367936
ByteSlicing-avx2;pack;6;33554432;4;128;62715438;208832425;538336448;36402944
ByteSlicing-avx2;pack;5;33554432;4;128;60372084;213410164;538465536;36390784
ByteSlicing-avx2;pack;4;33554432;4;128;62269891;208621672;538317504;36391936
ByteSlicing-avx2;pack;3;33554432;4;128;62411684;208943661;538351552;36373376
ByteSlicing-avx2;pack;2;33554432;4;128;62371777;208025336;538375360;36401344
ByteSlicing-avx2;pack;1;33554432;4;128;60443863;211243969;538296640;36374720
ByteSlicing-avx2;pack;32;33554432;4;256;68184764;239132273;538380032;36364032
ByteSlicing-avx2;pack;31;33554432;4;256;67971915;239180689;538420096;36453248
ByteSlicing-avx2;pack;30;33554432;4;256;67919475;239578849;538323008;36368000
ByteSlicing-avx2;pack;29;33554432;4;256;70655595;243521015;538620288;36478208
ByteSlicing-avx2;pack;28;33554432;4;256;68089706;238983325;538444224;36453376
ByteSlicing-avx2;pack;27;33554432;4;256;67974978;238958844;538374080;36443392
ByteSlicing-avx2;pack;26;33554432;4;256;67974023;238923170;538325440;36431424
ByteSlicing-avx2;pack;25;33554432;4;256;68081391;240547765;538536768;36456000
ByteSlicing-avx2;pack;24;33554432;4;256;66902651;234921581;538291392;36425984
ByteSlicing-avx2;pack;23;33554432;4;256;66646956;234537666;538513280;36595136
ByteSlicing-avx2;pack;22;33554432;4;256;68973666;231840985;538404928;36442176
ByteSlicing-avx2;pack;21;33554432;4;256;68903193;232281907;538552256;36475072
ByteSlicing-avx2;pack;20;33554432;4;256;68942354;232576891;538327232;36437504
ByteSlicing-avx2;pack;19;33554432;4;256;69261082;232446375;538330496;36424704
ByteSlicing-avx2;pack;18;33554432;4;256;69088453;232057555;538327744;35991872
ByteSlicing-avx2;pack;17;33554432;4;256;69191270;231919218;538277568;36399808
ByteSlicing-avx2;pack;16;33554432;4;256;64338113;214971003;538323008;36403776
ByteSlicing-avx2;pack;15;33554432;4;256;64112621;215098799;538309376;36385088
ByteSlicing-avx2;pack;14;33554432;4;256;64162500;214667349;538462336;36425920
ByteSlicing-avx2;pack;13;33554432;4;256;62310972;219859327;538440576;36439616
ByteSlicing-avx2;pack;12;33554432;4;256;64238418;215251909;538668224;36596416
ByteSlicing-avx2;pack;11;33554432;4;256;60812179;221086599;538301824;36363968
ByteSlicing-avx2;pack;10;33554432;4;256;64296762;214908733;538318656;36381504
ByteSlicing-avx2;pack;9;33554432;4;256;64056426;215235459;538381376;36405504
ByteSlicing-avx2;pack;8;33554432;4;256;62165668;209426833;538482496;36425088
ByteSlicing-avx2;pack;7;33554432;4;256;62305822;207830649;538334464;36379712
ByteSlicing-avx2;pack;6;33554432;4;256;62189101;207265101;538307328;36410688
ByteSlicing-avx2;pack;5;33554432;4;256;62336885;207611067;538340672;36374528
ByteSlicing-avx2;pack;4;33554432;4;256;62185859;207244621;538309056;36409088
ByteSlicing-avx2;pack;3;33554432;4;256;62246173;207576215;538354048;36385728
ByteSlicing-avx2;pack;2;33554432;4;256;62290352;206857229;538368000;36386560
ByteSlicing-avx2;pack;1;33554432;4;256;60029116;210616314;538300992;36372992
ByteSlicing-avx2;pack;32;33554432;4;512;68110724;240693022;538417216;36409728
ByteSlicing-avx2;pack;31;33554432;4;512;68019628;239108003;538538176;36474560
ByteSlicing-avx2;pack;30;33554432;4;512;67989051;239068049;538430976;36461824
ByteSlicing-avx2;pack;29;33554432;4;512;70161486;235738813;538317760;36416448
ByteSlicing-avx2;pack;28;33554432;4;512;67861186;240864618;538433408;36451136
ByteSlicing-avx2;pack;27;33554432;4;512;67971500;239993615;538984704;36454784
ByteSlicing-avx2;pack;26;33554432;4;512;67855265;238742597;538461696;36451968
ByteSlicing-avx2;pack;25;33554432;4;512;67939875;238644112;538379968;36410624
ByteSlicing-avx2;pack;24;33554432;4;512;67079112;235589786;538311808;36432320
ByteSlicing-avx2;pack;23;33554432;4;512;69426565;233057355;538288256;36411008
ByteSlicing-avx2;pack;22;33554432;4;512;66966394;235863488;538315968;36401856
ByteSlicing-avx2;pack;21;33554432;4;512;69470522;233211878;538276800;36405440
ByteSlicing-avx2;pack;20;33554432;4;512;69488362;233404554;538286464;36415616
ByteSlicing-avx2;pack;19;33554432;4;512;67044907;235761240;538268608;36394624
ByteSlicing-avx2;pack;18;33554432;4;512;69407014;233742437;538306816;36416064
ByteSlicing-avx2;pack;17;33554432;4;512;67085018;235775662;538552576;36421056
ByteSlicing-avx2;pack;16;33554432;4;512;64055454;215781853;538526272;36374336
ByteSlicing-avx2;pack;15;33554432;4;512;63874608;216394048;538470912;36380480
ByteSlicing-avx2;pack;14;33554432;4;512;60837010;220406619;538503232;36430400
ByteSlicing-avx2;pack;13;33554432;4;512;64142325;214291694;538326784;36398976
ByteSlicing-avx2;pack;12;33554432;4;512;64255853;214048049;538401728;36399104
ByteSlicing-avx2;pack;11;33554432;4;512;61788072;217290151;538406080;36431680
ByteSlicing-avx2;pack;10;33554432;4;512;63779729;213743923;538293888;36390656
ByteSlicing-avx2;pack;9;33554432;4;512;60700376;220670236;538391232;36423872
ByteSlicing-avx2;pack;8;33554432;4;512;63175594;211021717;538386816;36392640
ByteSlicing-avx2;pack;7;33554432;4;512;62962989;210972795;538340160;36388928
ByteSlicing-avx2;pack;6;33554432;4;512;61175238;213782034;538332608;36366848
ByteSlicing-avx2;pack;5;33554432;4;512;63064886;210572293;538323712;36376576
ByteSlicing-avx2;pack;4;33554432;4;512;60922867;213760515;538330944;36411136
ByteSlicing-avx2;pack;3;33554432;4;512;63034355;210837357;538329792;36378624
ByteSlicing-avx2;pack;2;33554432;4;512;61122201;215572116;538515136;36361792
ByteSlicing-avx2;pack;1;33554432;4;512;62065923;208351007;538550784;36381312
ByteSlicing-avx2;pack;32;33554432;4;1024;69976245;235227171;538368384;36376960
ByteSlicing-avx2;pack;31;33554432;4;1024;67658095;238200547;538431168;36445696
ByteSlicing-avx2;pack;30;33554432;4;1024;69887210;235044591;538296320;36422848
ByteSlicing-avx2;pack;29;33554432;4;1024;67670315;237616645;538295424;36417216
ByteSlicing-avx2;pack;28;33554432;4;1024;59566394;199389231;538566016;36425792
ByteSlicing-avx2;pack;27;33554432;4;1024;67583818;237902638;538330688;36457856
ByteSlicing-avx2;pack;26;33554432;4;1024;67678265;237718199;538295936;36420096
ByteSlicing-avx2;pack;25;33554432;4;1024;69948183;234875499;538352704;36427072
ByteSlicing-avx2;pack;24;33554432;4;1024;67134454;235622321;538300928;36437504
ByteSlicing-avx2;pack;23;33554432;4;1024;67102342;235818969;538340992;36379584
ByteSlicing-avx2;pack;22;33554432;4;1024;68943024;232245079;538352512;36455360
ByteSlicing-avx2;pack;21;33554432;4;1024;69309913;234005684;538333504;36417408
ByteSlicing-avx2;pack;20;33554432;4;1024;69255094;232963337;538421888;36431552
ByteSlicing-avx2;pack;19;33554432;4;1024;67015477;236959693;538334720;36391808
ByteSlicing-avx2;pack;18;33554432;4;1024;69403642;237039273;539253504;36514944
ByteSlicing-avx2;pack;17;33554432;4;1024;69209787;232756467;538511872;36431424
ByteSlicing-avx2;pack;16;33554432;4;1024;61751661;216232410;538374784;36392832
ByteSlicing-avx2;pack;15;33554432;4;1024;63600739;213005914;538332352;36396416
ByteSlicing-avx2;pack;14;33554432;4;1024;61688174;215757012;538297920;36373248
ByteSlicing-avx2;pack;13;33554432;4;1024;63513222;212722384;538331776;36390720
ByteSlicing-avx2;pack;12;33554432;4;1024;61925467;217818226;538341312;36428736
ByteSlicing-avx2;pack;11;33554432;4;1024;63605489;213078761;538342272;36418624
ByteSlicing-avx2;pack;10;33554432;4;1024;60454138;219595653;538292160;36380160
ByteSlicing-avx2;pack;9;33554432;4;1024;63863147;213428365;538366272;36406464
ByteSlicing-avx2;pack;8;33554432;4;1024;62416365;208040911;538457024;36407168
ByteSlicing-avx2;pack;7;33554432;4;1024;60347503;211591593;538352000;36374656
ByteSlicing-avx2;pack;6;33554432;4;1024;62689196;208346498;538303680;36408192
ByteSlicing-avx2;pack;5;33554432;4;1024;60392875;211936504;538458368;36388672
ByteSlicing-avx2;pack;4;33554432;4;1024;59258400;215424659;538447232;36395328
ByteSlicing-avx2;pack;3;33554432;4;1024;62405911;208078044;538455296;36444416
ByteSlicing-avx2;pack;2;33554432;4;1024;60560176;211789207;538379648;36412032
ByteSlicing-avx2;pack;1;33554432;4;1024;62717216;208255759;538353536;36398016
ByteSlicing-avx2;pack;32;33554432;4;2048;69940639;235823146;538368768;35831552
ByteSlicing-avx2;pack;31;33554432;4;2048;67640939;237637515;538457472;36574144
ByteSlicing-avx2;pack;30;33554432;4;2048;67756377;238264738;538329856;36420800
ByteSlicing-avx2;pack;29;33554432;4;2048;67805118;237825133;538310528;36428480
ByteSlicing-avx2;pack;28;33554432;4;2048;69862758;235321214;538365312;36415552
ByteSlicing-avx2;pack;27;33554432;4;2048;67582594;238074226;538336128;36477312
ByteSlicing-avx2;pack;26;33554432;4;2048;67635497;238517992;538789440;36532224
ByteSlicing-avx2;pack;25;33554432;4;2048;67778500;238025599;538304192;36434816
ByteSlicing-avx2;pack;24;33554432;4;2048;69263384;232770253;538315200;36437056
ByteSlicing-avx2;pack;23;33554432;4;2048;66913513;235468082;538485824;36458048
ByteSlicing-avx2;pack;22;33554432;4;2048;69611319;241828786;540298112;36927232
ByteSlicing-avx2;pack;21;33554432;4;2048;69406519;234161758;538489792;36451200
ByteSlicing-avx2;pack;20;33554432;4;2048;69292917;232475438;538508992;36484544
ByteSlicing-avx2;pack;19;33554432;4;2048;67743678;237952249;538532928;36454464
ByteSlicing-avx2;pack;18;33554432;4;2048;69091177;232150594;538315456;36439936
ByteSlicing-avx2;pack;17;33554432;4;2048;66809980;235506135;538417664;36424640
ByteSlicing-avx2;pack;16;33554432;4;2048;63420062;212369538;538365248;36399232
ByteSlicing-avx2;pack;15;33554432;4;2048;63283845;212179190;538358208;36406464
ByteSlicing-avx2;pack;14;33554432;4;2048;61439079;216240702;538485760;36460096
ByteSlicing-avx2;pack;13;33554432;4;2048;63690689;212478385;538379200;36429888
ByteSlicing-avx2;pack;12;33554432;4;2048;63316531;211753728;538326848;36424384
ByteSlicing-avx2;pack;11;33554432;4;2048;61292365;216357559;538430592;36401216
ByteSlicing-avx2;pack;10;33554432;4;2048;63393906;213656126;538392576;36438016
ByteSlicing-avx2;pack;9;33554432;4;2048;61376555;217127844;539448768;36540608
ByteSlicing-avx2;pack;8;33554432;4;2048;62137656;206751491;538373632;36390400
ByteSlicing-avx2;pack;7;33554432;4;2048;59995475;210413702;538435392;36408384
ByteSlicing-avx2;pack;6;33554432;4;2048;62044783;207073102;538553984;36442560
ByteSlicing-avx2;pack;5;33554432;4;2048;62054592;207435648;538440640;36438400
ByteSlicing-avx2;pack;4;33554432;4;2048;62071741;206574969;538320448;36408960
ByteSlicing-avx2;pack;3;33554432;4;2048;59898438;210197356;538312576;36377024
ByteSlicing-avx2;pack;2;33554432;4;2048;58745622;213994486;538289280;36332608
ByteSlicing-avx2;pack;1;33554432;4;2048;61973578;206483079;538347008;36368704
ByteSlicing-avx2;pack;32;33554432;4;4096;69984353;234624533;538321024;36348480
ByteSlicing-avx2;pack;31;33554432;4;4096;67618431;237411909;538274304;36410240
ByteSlicing-avx2;pack;30;33554432;4;4096;67516768;239654339;538411136;36421568
ByteSlicing-avx2;pack;29;33554432;4;4096;69845081;234691285;538306048;36426368
ByteSlicing-avx2;pack;28;33554432;4;4096;67736912;237115470;538287680;36407424
ByteSlicing-avx2;pack;27;33554432;4;4096;67591940;237986755;538309312;36402496
ByteSlicing-avx2;pack;26;33554432;4;4096;69857516;235075482;538488640;36440576
ByteSlicing-avx2;pack;25;33554432;4;4096;67574241;239518289;538513344;36476608
ByteSlicing-avx2;pack;24;33554432;4;4096;67009521;237335901;538517440;36438656
ByteSlicing-avx2;pack;23;33554432;4;4096;69244569;232637333;538447488;36457472
ByteSlicing-avx2;pack;22;33554432;4;4096;69247560;232445384;538304640;36414208
ByteSlicing-avx2;pack;21;33554432;4;4096;66924857;234562177;538658688;36639040
ByteSlicing-avx2;pack;20;33554432;4;4096;69244332;233102653;538297216;36386880
ByteSlicing-avx2;pack;19;33554432;4;4096;69115850;232936227;538300608;36407680
ByteSlicing-avx2;pack;18;33554432;4;4096;67222996;234838601;538320128;36397952
ByteSlicing-avx2;pack;17;33554432;4;4096;69208361;233748900;538347392;36451008
ByteSlicing-avx2;pack;16;33554432;4;4096;63470107;212173522;538376448;36408512
ByteSlicing-avx2;pack;15;33554432;4;4096;63393550;211128920;538339904;36390720
ByteSlicing-avx2;pack;14;33554432;4;4096;61361666;215511874;538594304;36458816
ByteSlicing-avx2;pack;13;33554432;4;4096;63333486;211170906;538354816;36396224
ByteSlicing-avx2;pack;12;33554432;4;4096;61287078;217814775;538489856;36486592
ByteSlicing-avx2;pack;11;33554432;4;4096;63290015;211526806;538415488;36410944
ByteSlicing-avx2;pack;10;33554432;4;4096;61494836;215336384;538427520;36435968
ByteSlicing-avx2;pack;9;33554432;4;4096;63234924;211647270;538472576;36434624
ByteSlicing-avx2;pack;8;33554432;4;4096;59813551;209208623;538300864;36374400
ByteSlicing-avx2;pack;7;33554432;4;4096;58585313;212679104;538338816;36411264
ByteSlicing-avx2;pack;6;33554432;4;4096;61787559;205903748;538365120;36386368
ByteSlicing-avx2;pack;5;33554432;4;4096;59771021;209616680;538328064;36378752
ByteSlicing-avx2;pack;4;33554432;4;4096;61861743;207019227;538466304;36380288
ByteSlicing-avx2;pack;3;33554432;4;4096;61931778;207026252;538339712;36416000
ByteSlicing-avx2;pack;2;33554432;4;4096;58690110;212573475;538347840;36369728
ByteSlicing-avx2;pack;1;33554432;4;4096;61781732;205958902;538337792;36387136
ByteSlicing-avx2;pack;32;33554432;4;8192;83128423;283219836;539199808;36440960
ByteSlicing-avx2;pack;31;33554432;4;8192;80139597;282674898;538432960;36458304
ByteSlicing-avx2;pack;30;33554432;4;8192;80001615;282935314;538396288;36464768
ByteSlicing-avx2;pack;29;33554432;4;8192;80152188;282448983;538536000;36493824
ByteSlicing-avx2;pack;28;33554432;4;8192;80224314;283273767;538381184;36447616
ByteSlicing-avx2;pack;27;33554432;4;8192;80107318;283143928;538403840;36437056
ByteSlicing-avx2;pack;26;33554432;4;8192;80063689;283260229;538433664;36472384
ByteSlicing-avx2;pack;25;33554432;4;8192;80219346;283004808;538500736;36481856
ByteSlicing-avx2;pack;24;33554432;4;8192;71923735;242064237;538553216;36440448
ByteSlicing-avx2;pack;23;33554432;4;8192;69869729;245998541;538633536;36497728
ByteSlicing-avx2;pack;22;33554432;4;8192;69319542;243910647;538474368;36457664
ByteSlicing-avx2;pack;21;33554432;4;8192;69254113;244264303;538387264;36460864
ByteSlicing-avx2;pack;20;33554432;4;8192;69374106;244486020;538386176;36387648
ByteSlicing-avx2;pack;19;33554432;4;8192;69304064;243732917;538404224;36442048
ByteSlicing-avx2;pack;18;33554432;4;8192;69304084;243899086;538574208;36467456
ByteSlicing-avx2;pack;17;33554432;4;8192;69261799;244923901;538474816;36420864
ByteSlicing-avx2;pack;16;33554432;4;8192;61968820;218260043;538391168;36428416
ByteSlicing-avx2;pack;15;33554432;4;8192;64122483;214380699;538555456;36459200
ByteSlicing-avx2;pack;14;33554432;4;8192;64191341;215466516;538414016;36428992
ByteSlicing-avx2;pack;13;33554432;4;8192;62259538;218049826;538362624;36423872
ByteSlicing-avx2;pack;12;33554432;4;8192;64416403;214925329;538361344;36379008
ByteSlicing-avx2;pack;11;33554432;4;8192;64377159;214972276;538379904;36392384
ByteSlicing-avx2;pack;10;33554432;4;8192;61927031;217952249;538400128;36400320
ByteSlicing-avx2;pack;9;33554432;4;8192;64094722;214648102;538635264;36434112
ByteSlicing-avx2;pack;8;33554432;4;8192;59090264;214796615;538494592;36441216
ByteSlicing-avx2;pack;7;33554432;4;8192;62398889;208693319;538367296;36417792
ByteSlicing-avx2;pack;6;33554432;4;8192;59094948;215089523;538520320;36369344
ByteSlicing-avx2;pack;5;33554432;4;8192;62576240;207658314;538355712;36380352
ByteSlicing-avx2;pack;4;33554432;4;8192;60438836;213529035;538407040;36387648
ByteSlicing-avx2;pack;3;33554432;4;8192;62279487;208399320;538332800;36410624
ByteSlicing-avx2;pack;2;33554432;4;8192;62429862;209108617;538552512;36426496
ByteSlicing-avx2;pack;1;33554432;4;8192;62238179;207792804;538308352;36405504
ByteSlicing-avx2;pack;32;33554432;4;16384;82915659;282003066;538464576;36407424
ByteSlicing-avx2;pack;31;33554432;4;16384;80108355;282973294;538464576;36504064
ByteSlicing-avx2;pack;30;33554432;4;16384;79972050;283040966;538501312;36540096
ByteSlicing-avx2;pack;29;33554432;4;16384;82778140;281462933;538502080;36538048
ByteSlicing-avx2;pack;28;33554432;4;16384;80192817;282459434;538492992;36531712
ByteSlicing-avx2;pack;27;33554432;4;16384;80103603;283248399;538594560;36516416
ByteSlicing-avx2;pack;26;33554432;4;16384;80119662;282828153;538462080;36507776
ByteSlicing-avx2;pack;25;33554432;4;16384;80143222;282974292;538479232;36506560
ByteSlicing-avx2;pack;24;33554432;4;16384;69634920;244424271;538470976;36440896
ByteSlicing-avx2;pack;23;33554432;4;16384;69522638;244330272;538729024;36493760
ByteSlicing-avx2;pack;22;33554432;4;16384;69488966;244815039;538751360;36517760
ByteSlicing-avx2;pack;21;33554432;4;16384;69527960;245974469;538534144;36516352
ByteSlicing-avx2;pack;20;33554432;4;16384;69456568;244421618;538517696;36465728
ByteSlicing-avx2;pack;19;33554432;4;16384;69672815;246014167;538479424;36505600
ByteSlicing-avx2;pack;18;33554432;4;16384;67958322;246635294;538419264;36459840
ByteSlicing-avx2;pack;17;33554432;4;16384;68027106;247045700;538515648;36510720
ByteSlicing-avx2;pack;16;33554432;4;16384;64106541;214943800;538774336;36511552
ByteSlicing-avx2;pack;15;33554432;4;16384;62332991;218010131;538443200;36465216
ByteSlicing-avx2;pack;14;33554432;4;16384;64474465;214690221;538478848;36479360
ByteSlicing-avx2;pack;13;33554432;4;16384;64227447;214236053;538416192;36462656
ByteSlicing-avx2;pack;12;33554432;4;16384;62032926;217655286;538453568;36456640
ByteSlicing-avx2;pack;11;33554432;4;16384;63966341;214538802;538480512;36477952
ByteSlicing-avx2;pack;10;33554432;4;16384;63984460;214837520;538565248;36480384
ByteSlicing-avx2;pack;9;33554432;4;16384;62275412;218059793;538439680;36474112
ByteSlicing-avx2;pack;8;33554432;4;16384;62693947;209712065;538504896;36470336
ByteSlicing-avx2;pack;7;33554432;4;16384;59085563;215016376;538547712;36469440
ByteSlicing-avx2;pack;6;33554432;4;16384;62080922;207704402;538425920;36442112
ByteSlicing-avx2;pack;5;33554432;4;16384;60345236;211830332;538438976;36442304
ByteSlicing-avx2;pack;4;33554432;4;16384;62315511;208553786;538482304;36406720
ByteSlicing-avx2;pack;3;33554432;4;16384;60270182;212007323;538431552;36457984
ByteSlicing-avx2;pack;2;33554432;4;16384;62221817;208159519;538382656;36434560
ByteSlicing-avx2;pack;1;33554432;4;16384;60201348;211509267;538392576;36412224
ByteSlicing-avx2;pack;32;33554432;4;32768;84394697;298341651;538605504;36357504
ByteSlicing-avx2;pack;31;33554432;4;32768;86729233;297321621;538522496;36496320
ByteSlicing-avx2;pack;30;33554432;4;32768;84424787;297762042;538496576;36511552
ByteSlicing-avx2;pack;29;33554432;4;32768;86554703;295943371;538483712;36481472
ByteSlicing-avx2;pack;28;33554432;4;32768;84464302;297394975;538528768;36518144
ByteSlicing-avx2;pack;27;33554432;4;32768;86752373;295819505;538501248;36518272
ByteSlicing-avx2;pack;26;33554432;4;32768;84109316;297247911;538514560;36515520
ByteSlicing-avx2;pack;25;33554432;4;32768;86847676;296053612;538604032;36533056
ByteSlicing-avx2;pack;24;33554432;4;32768;70007996;245296368;538424192;36457728
ByteSlicing-avx2;pack;23;33554432;4;32768;70069025;245483784;538490752;36471040
ByteSlicing-avx2;pack;22;33554432;4;32768;70179959;247610378;539285120;36541888
ByteSlicing-avx2;pack;21;33554432;4;32768;68358547;248274855;538460288;36464576
ByteSlicing-avx2;pack;20;33554432;4;32768;68494643;248258411;538614208;36483520
ByteSlicing-avx2;pack;19;33554432;4;32768;72259776;245643748;538648384;36533056
ByteSlicing-avx2;pack;18;33554432;4;32768;72240849;245496808;538607232;36505088
ByteSlicing-avx2;pack;17;33554432;4;32768;68359725;250638699;538635008;36484352
ByteSlicing-avx2;pack;16;33554432;4;32768;60877313;221204851;538529088;36494784
ByteSlicing-avx2;pack;15;33554432;4;32768;64284355;214706124;538502528;36512384
ByteSlicing-avx2;pack;14;33554432;4;32768;64117199;214449929;538629120;36564224
ByteSlicing-avx2;pack;13;33554432;4;32768;64136256;214292495;538552000;36520512
ByteSlicing-avx2;pack;12;33554432;4;32768;62277385;217769406;538536448;36514368
ByteSlicing-avx2;pack;11;33554432;4;32768;64265819;214441376;538528704;36512320
ByteSlicing-avx2;pack;10;33554432;4;32768;60883056;221207307;538543744;36547776
ByteSlicing-avx2;pack;9;33554432;4;32768;64033519;214162185;538538240;36508480
ByteSlicing-avx2;pack;8;33554432;4;32768;62210617;207783043;538467008;36477568
ByteSlicing-avx2;pack;7;33554432;4;32768;60420796;211429275;538481088;36513344
ByteSlicing-avx2;pack;6;33554432;4;32768;62283868;207708847;538437440;36496064
ByteSlicing-avx2;pack;5;33554432;4;32768;60256384;213638016;538638144;36490752
ByteSlicing-avx2;pack;4;33554432;4;32768;62254992;208507268;538652160;36512192
ByteSlicing-avx2;pack;3;33554432;4;32768;62359761;208285876;538487936;36494656
ByteSlicing-avx2;pack;2;33554432;4;32768;62253475;207554249;538571904;36485504
ByteSlicing-avx2;pack;1;33554432;4;32768;60240772;210769931;538439232;36452928
ByteSlicing-avx2;pack;32;33554432;4;65536;93727048;332146624;538326016;36158720
ByteSlicing-avx2;pack;31;33554432;4;65536;96351467;331678245;539463040;36583808
ByteSlicing-avx2;pack;30;33554432;4;65536;94107668;331251177;538614784;36470592
ByteSlicing-avx2;pack;29;33554432;4;65536;87522461;309562847;538812160;36481152
ByteSlicing-avx2;pack;28;33554432;4;65536;96439443;330334214;538704256;36477952
ByteSlicing-avx2;pack;27;33554432;4;65536;93975962;332401405;538695872;36519040
ByteSlicing-avx2;pack;26;33554432;4;65536;93372728;331454282;539435008;36573248
ByteSlicing-avx2;pack;25;33554432;4;65536;93841350;332322652;538630272;36511040
ByteSlicing-avx2;pack;24;33554432;4;65536;77633286;282383928;538767488;36448704
ByteSlicing-avx2;pack;23;33554432;4;65536;79144893;279324795;538591552;36458688
ByteSlicing-avx2;pack;22;33554432;4;65536;79080111;278744876;538542848;36465216
ByteSlicing-avx2;pack;21;33554432;4;65536;81327222;277041333;538678976;36456768
ByteSlicing-avx2;pack;20;33554432;4;65536;79145889;278909618;538573568;36426432
ByteSlicing-avx2;pack;19;33554432;4;65536;81600685;276277491;538613440;36426816
ByteSlicing-avx2;pack;18;33554432;4;65536;79010122;279439501;538573248;36413312
ByteSlicing-avx2;pack;17;33554432;4;65536;81539909;276767339;538545152;36440000
ByteSlicing-avx2;pack;16;33554432;4;65536;65098768;229199263;538474688;36386624
ByteSlicing-avx2;pack;15;33554432;4;65536;67460406;226054796;538513216;36389056
ByteSlicing-avx2;pack;14;33554432;4;65536;67513031;226312744;538515584;36434944
ByteSlicing-avx2;pack;13;33554432;4;65536;65136425;229223025;538469184;36358016
ByteSlicing-avx2;pack;12;33554432;4;65536;67306907;226587583;538538432;36406848
ByteSlicing-avx2;pack;11;33554432;4;65536;67214556;225362529;538475776;36434880
ByteSlicing-avx2;pack;10;33554432;4;65536;67484259;226867974;538701888;36465728
ByteSlicing-avx2;pack;9;33554432;4;65536;65233940;229238469;538661056;36452032
ByteSlicing-avx2;pack;8;33554432;4;65536;62630135;208861937;538506432;36414400
ByteSlicing-avx2;pack;7;33554432;4;65536;62417794;208612380;538498176;36436608
ByteSlicing-avx2;pack;6;33554432;4;65536;60553525;211534391;538412160;36383488
ByteSlicing-avx2;pack;5;33554432;4;65536;62432350;209017013;538395712;36420544
ByteSlicing-avx2;pack;4;33554432;4;65536;60339470;212045335;538438144;36393024
ByteSlicing-avx2;pack;3;33554432;4;65536;62582568;208255422;538397248;36418176
ByteSlicing-avx2;pack;2;33554432;4;65536;60437583;211668800;538395968;36390848
ByteSlicing-avx2;pack;1;33554432;4;65536;62464003;208529119;538394304;36418368
ByteSlicing-avx2;pack;32;33554432;4;131072;96048043;329144766;538374464;35927104
ByteSlicing-avx2;pack;31;33554432;4;131072;93763946;332309526;539306752;36565568
ByteSlicing-avx2;pack;30;33554432;4;131072;93959685;335337391;539741056;36579712
ByteSlicing-avx2;pack;29;33554432;4;131072;92205419;334064828;538859776;36469120
ByteSlicing-avx2;pack;28;33554432;4;131072;96171235;329718752;539033728;36521728
ByteSlicing-avx2;pack;27;33554432;4;131072;93107711;330136490;538900288;36460032
ByteSlicing-avx2;pack;26;33554432;4;131072;93930999;332364798;538901568;36510720
ByteSlicing-avx2;pack;25;33554432;4;131072;92308745;337254897;539631552;36528640
ByteSlicing-avx2;pack;24;33554432;4;131072;81361532;276614224;538774080;36452800
ByteSlicing-avx2;pack;23;33554432;4;131072;81634726;277026996;538774656;36443584
ByteSlicing-avx2;pack;22;33554432;4;131072;81466985;276623462;538743360;36436416
ByteSlicing-avx2;pack;21;33554432;4;131072;79168034;278759174;538708736;36416896
ByteSlicing-avx2;pack;20;33554432;4;131072;81467182;279692615;539436288;36442496
ByteSlicing-avx2;pack;19;33554432;4;131072;78925358;278623383;538764224;36427584
ByteSlicing-avx2;pack;18;33554432;4;131072;79362567;279771913;538897344;36480128
ByteSlicing-avx2;pack;17;33554432;4;131072;79099175;279452683;538825728;36465024
ByteSlicing-avx2;pack;16;33554432;4;131072;65858154;231384934;538603968;36419456
ByteSlicing-avx2;pack;15;33554432;4;131072;67981956;229144020;538782272;36434304
ByteSlicing-avx2;pack;14;33554432;4;131072;68236278;228608683;538927680;36451264
ByteSlicing-avx2;pack;13;33554432;4;131072;65787803;231979346;538789120;36412288
ByteSlicing-avx2;pack;12;33554432;4;131072;68115667;228111059;538605184;36392512
ByteSlicing-avx2;pack;11;33554432;4;131072;68134274;228186948;538629888;36394368
ByteSlicing-avx2;pack;10;33554432;4;131072;67879370;229042936;538681728;36418624
ByteSlicing-avx2;pack;9;33554432;4;131072;67941734;227864391;538683776;36425024
ByteSlicing-avx2;pack;8;33554432;4;131072;62869296;209680524;538755008;36423936
ByteSlicing-avx2;pack;7;33554432;4;131072;62766694;209572989;538639040;36384576
ByteSlicing-avx2;pack;6;33554432;4;131072;60822909;214327818;538657344;36448512
ByteSlicing-avx2;pack;5;33554432;4;131072;62646291;209558042;538491136;36389760
ByteSlicing-avx2;pack;4;33554432;4;131072;60944409;213030455;538495680;36416960
ByteSlicing-avx2;pack;3;33554432;4;131072;62714701;209108574;538469312;36394560
ByteSlicing-avx2;pack;2;33554432;4;131072;60552477;212916829;538464896;36401664
ByteSlicing-avx2;pack;1;33554432;4;131072;62788621;209440025;538729472;36411968
ByteSlicing-avx2;pack;32;33554432;4;262144;96358199;332013471;538532160;35397696
ByteSlicing-avx2;pack;31;33554432;4;262144;92324402;335847393;539633920;36539776
ByteSlicing-avx2;pack;30;33554432;4;262144;96240375;330768951;539604096;36552832
ByteSlicing-avx2;pack;29;33554432;4;262144;95395654;328448338;539510208;35936704
ByteSlicing-avx2;pack;28;33554432;4;262144;93936167;332112804;539669184;36517056
ByteSlicing-avx2;pack;27;33554432;4;262144;93843485;333390927;539572928;36539840
ByteSlicing-avx2;pack;26;33554432;4;262144;93931207;334085069;539544832;36540608
ByteSlicing-avx2;pack;25;33554432;4;262144;92290898;334365397;539653824;36506368
ByteSlicing-avx2;pack;24;33554432;4;262144;81298837;277461843;539243200;35887360
ByteSlicing-avx2;pack;23;33554432;4;262144;81566752;277329936;539383488;36472384
ByteSlicing-avx2;pack;22;33554432;4;262144;79240003;280395165;539335616;36486208
ByteSlicing-avx2;pack;21;33554432;4;262144;81585962;278556342;539292928;36450752
ByteSlicing-avx2;pack;20;33554432;4;262144;79401834;279564160;539343424;36460544
ByteSlicing-avx2;pack;19;33554432;4;262144;81683726;278523787;540005760;36530624
ByteSlicing-avx2;pack;18;33554432;4;262144;79163276;278957900;539186432;36433280
ByteSlicing-avx2;pack;17;33554432;4;262144;81550880;276759773;539430528;36440000
ByteSlicing-avx2;pack;16;33554432;4;262144;66068200;231218972;538882240;36379968
ByteSlicing-avx2;pack;15;33554432;4;262144;68062961;228759159;538882880;36433280
ByteSlicing-avx2;pack;14;33554432;4;262144;66098086;231128201;538881728;36391680
ByteSlicing-avx2;pack;13;33554432;4;262144;68173616;230213872;538908416;36431488
ByteSlicing-avx2;pack;12;33554432;4;262144;67908431;228038142;539057664;36446144
ByteSlicing-avx2;pack;11;33554432;4;262144;67930790;228788875;538897984;36397888
ByteSlicing-avx2;pack;10;33554432;4;262144;68038478;229710231;538902272;36405056
ByteSlicing-avx2;pack;9;33554432;4;262144;68091471;228478694;538916672;36405056
ByteSlicing-avx2;pack;8;33554432;4;262144;62768511;208886234;538597056;36400512
ByteSlicing-avx2;pack;7;33554432;4;262144;62908838;209361857;538607040;36412160
ByteSlicing-avx2;pack;6;33554432;4;262144;60781871;212682728;538675328;36414016
ByteSlicing-avx2;pack;5;33554432;4;262144;62743668;209489157;538811008;36604160
ByteSlicing-avx2;pack;4;33554432;4;262144;63136735;213444329;538743424;36402048
ByteSlicing-avx2;pack;3;33554432;4;262144;62731296;210327091;538845440;36431744
ByteSlicing-avx2;pack;2;33554432;4;262144;60761581;212403475;538608896;36380928
ByteSlicing-avx2;pack;1;33554432;4;262144;62682116;209821838;538650432;36412800
ByteSlicing-avx2;pack;32;33554432;4;524288;96290450;333845332;538753088;34421952
ByteSlicing-avx2;pack;31;33554432;4;524288;93860228;332686070;540512256;36507712
ByteSlicing-avx2;pack;30;33554432;4;524288;96257550;330012876;540653056;36525440
ByteSlicing-avx2;pack;29;33554432;4;524288;93932459;332181368;540498048;36444288
ByteSlicing-avx2;pack;28;33554432;4;524288;93882322;332277380;540495872;36512832
ByteSlicing-avx2;pack;27;33554432;4;524288;92295979;334439316;540519488;36477696
ByteSlicing-avx2;pack;26;33554432;4;524288;96233444;330294008;540515008;36488064
ByteSlicing-avx2;pack;25;33554432;4;524288;96409970;330309068;540643328;36495744
ByteSlicing-avx2;pack;24;33554432;4;524288;79185424;279822735;540027264;36475776
ByteSlicing-avx2;pack;23;33554432;4;524288;79158776;281644017;540003584;36465280
ByteSlicing-avx2;pack;22;33554432;4;524288;79202453;278821864;540035648;36424832
ByteSlicing-avx2;pack;21;33554432;4;524288;79044223;278870044;539922944;36430016
ByteSlicing-avx2;pack;20;33554432;4;524288;78532538;277475560;539985792;36415232
ByteSlicing-avx2;pack;19;33554432;4;524288;81642123;276515493;539947584;36435072
ByteSlicing-avx2;pack;18;33554432;4;524288;79201512;281714235;540721728;36501632
ByteSlicing-avx2;pack;17;33554432;4;524288;81453989;277686964;540157312;36467072
ByteSlicing-avx2;pack;16;33554432;4;524288;65877696;231748131;539480320;36438400
ByteSlicing-avx2;pack;15;33554432;4;524288;68107681;229512827;539459136;36396864
ByteSlicing-avx2;pack;14;33554432;4;524288;68192289;229360377;539570880;36432768
ByteSlicing-avx2;pack;13;33554432;4;524288;65868599;231438811;539415616;36391040
ByteSlicing-avx2;pack;12;33554432;4;524288;65971233;231449258;539457664;36416576
ByteSlicing-avx2;pack;11;33554432;4;524288;68190254;228483821;539517568;36400064
ByteSlicing-avx2;pack;10;33554432;4;524288;68089560;228594775;539429376;36418688
ByteSlicing-avx2;pack;9;33554432;4;524288;66092551;231799511;539661184;36404480
ByteSlicing-avx2;pack;8;33554432;4;524288;62925223;210343203;539127232;36442560
ByteSlicing-avx2;pack;7;33554432;4;524288;62851174;209834907;539040896;36426944
ByteSlicing-avx2;pack;6;33554432;4;524288;60934018;213782011;538941952;36402368
ByteSlicing-avx2;pack;5;33554432;4;524288;62735263;209762050;538895552;36352064
ByteSlicing-avx2;pack;4;33554432;4;524288;60901679;212648142;538874688;36379968
ByteSlicing-avx2;pack;3;33554432;4;524288;62688619;209698056;538880000;36380480
ByteSlicing-avx2;pack;2;33554432;4;524288;60628013;213295864;538908544;36409536
ByteSlicing-avx2;pack;1;33554432;4;524288;62637190;210389151;538980352;36392192
ByteSlicing-avx2;pack;32;33554432;4;1048576;93617055;332096401;538450368;32230144
ByteSlicing-avx2;pack;31;33554432;4;1048576;93859653;333014985;542610624;36485824
ByteSlicing-avx2;pack;30;33554432;4;1048576;96389117;331039710;542742656;36492928
ByteSlicing-avx2;pack;29;33554432;4;1048576;96374010;330676660;542847936;36509184
ByteSlicing-avx2;pack;28;33554432;4;1048576;96189843;330451717;542644416;36515712
ByteSlicing-avx2;pack;27;33554432;4;1048576;93804665;332840641;542776896;36489984
ByteSlicing-avx2;pack;26;33554432;4;1048576;93725388;332523539;542900864;36561664
ByteSlicing-avx2;pack;25;33554432;4;1048576;93947733;332503731;542636160;36516544
ByteSlicing-avx2;pack;24;33554432;4;1048576;81598911;277902903;541617664;36469440
ByteSlicing-avx2;pack;23;33554432;4;1048576;81678183;278015707;541823808;36514368
ByteSlicing-avx2;pack;22;33554432;4;1048576;81069065;275935070;541537280;36435968
ByteSlicing-avx2;pack;21;33554432;4;1048576;79433056;280489212;541698048;36473920
ByteSlicing-avx2;pack;20;33554432;4;1048576;79088542;279423317;541546560;36467008
ByteSlicing-avx2;pack;19;33554432;4;1048576;79125502;279155394;541536896;36464384
ByteSlicing-avx2;pack;18;33554432;4;1048576;79151553;279821587;541602944;36440704
ByteSlicing-avx2;pack;17;33554432;4;1048576;79208939;281236470;542233856;36511488
ByteSlicing-avx2;pack;16;33554432;4;1048576;66033146;221322099;540626432;36414144
ByteSlicing-avx2;pack;15;33554432;4;1048576;65863707;231915792;540521728;36432064
ByteSlicing-avx2;pack;14;33554432;4;1048576;66129610;231745958;540507776;36393216
ByteSlicing-avx2;pack;13;33554432;4;1048576;68101828;229249977;540522752;36379264
ByteSlicing-avx2;pack;12;33554432;4;1048576;68166533;229237853;540652416;36424320
ByteSlicing-avx2;pack;11;33554432;4;1048576;68126224;230703434;540676544;36448832
ByteSlicing-avx2;pack;10;33554432;4;1048576;66281684;233497053;540522944;36407872
ByteSlicing-avx2;pack;9;33554432;4;1048576;66105394;231572201;540625216;36413824
ByteSlicing-avx2;pack;8;33554432;4;1048576;62962389;210065623;539435840;36389632
ByteSlicing-avx2;pack;7;33554432;4;1048576;62806342;209577528;539423296;36381184
ByteSlicing-avx2;pack;6;33554432;4;1048576;60849799;213462504;539415872;36382080
ByteSlicing-avx2;pack;5;33554432;4;1048576;62796910;209358795;539513280;36416384
ByteSlicing-avx2;pack;4;33554432;4;1048576;60884539;213083787;539379136;36382848
ByteSlicing-avx2;pack;3;33554432;4;1048576;62936741;210325715;539403392;36411392
ByteSlicing-avx2;pack;2;33554432;4;1048576;62844589;210218588;539457920;36416256
ByteSlicing-avx2;pack;1;33554432;4;1048576;60883103;213286633;539539264;36409856
ByteSlicing-avx2;pack;32;33554432;4;2097152;95999060;329032544;538652352;28185664
ByteSlicing-avx2;pack;31;33554432;4;2097152;96246481;330474952;546981184;36565568
ByteSlicing-avx2;pack;30;33554432;4;2097152;92308247;334122803;546960384;36568000
ByteSlicing-avx2;pack;29;33554432;4;2097152;96221694;329943582;546971776;36561344
ByteSlicing-avx2;pack;28;33554432;4;2097152;93957957;332308215;547011008;36560128
ByteSlicing-avx2;pack;27;33554432;4;2097152;93983601;332109701;546940288;36549504
ByteSlicing-avx2;pack;26;33554432;4;2097152;96353850;330434162;547083776;36587200
ByteSlicing-avx2;pack;25;33554432;4;2097152;93768622;332927304;547069056;36563904
ByteSlicing-avx2;pack;24;33554432;4;2097152;79458061;280261620;545312704;36543232
ByteSlicing-avx2;pack;23;33554432;4;2097152;77827101;281970282;544951104;36481408
ByteSlicing-avx2;pack;22;33554432;4;2097152;79257981;280064814;544910464;36487296
ByteSlicing-avx2;pack;21;33554432;4;2097152;79306192;279566068;544918976;36477824
ByteSlicing-avx2;pack;20;33554432;4;2097152;77822466;282341819;544832064;36430784
ByteSlicing-avx2;pack;19;33554432;4;2097152;79327132;282241637;544950720;36540160
ByteSlicing-avx2;pack;18;33554432;4;2097152;79093214;280311271;545027712;36548864
ByteSlicing-avx2;pack;17;33554432;4;2097152;79401631;280042649;544998912;36539200
ByteSlicing-avx2;pack;16;33554432;4;2097152;66026842;234334617;542853248;36451712
ByteSlicing-avx2;pack;15;33554432;4;2097152;66185445;234002986;542716224;36431552
ByteSlicing-avx2;pack;14;33554432;4;2097152;66199344;232136209;542640128;36469312
ByteSlicing-avx2;pack;13;33554432;4;2097152;66166704;232207822;542628352;36460288
ByteSlicing-avx2;pack;12;33554432;4;2097152;66101877;232016319;542693504;36477056
ByteSlicing-avx2;pack;11;33554432;4;2097152;65946034;231748112;542681792;36456768
ByteSlicing-avx2;pack;10;33554432;4;2097152;65980456;231796653;542842624;36479040
ByteSlicing-avx2;pack;9;33554432;4;2097152;68173908;229075656;542638016;36436032
ByteSlicing-avx2;pack;8;33554432;4;2097152;60715691;213472122;540464000;36395456
ByteSlicing-avx2;pack;7;33554432;4;2097152;62287190;210199300;540518400;36418240
ByteSlicing-avx2;pack;6;33554432;4;2097152;61046280;214219624;540791936;36468032
ByteSlicing-avx2;pack;5;33554432;4;2097152;63026550;210087641;540457984;36392064
ByteSlicing-avx2;pack;4;33554432;4;2097152;60901874;215108441;540571776;36442368
ByteSlicing-avx2;pack;3;33554432;4;2097152;60650366;213411856;540474304;36393408
ByteSlicing-avx2;pack;2;33554432;4;2097152;63103128;214853245;540662336;36459584
ByteSlicing-avx2;pack;1;33554432;4;2097152;61007355;213723357;540700416;36472704
ByteSlicing-avx2;pack;32;33554432;4;4194304;96683379;332037179;556039488;36894464
ByteSlicing-avx2;pack;31;33554432;4;4194304;94974419;336300304;574308800;55290624
ByteSlicing-avx2;pack;30;33554432;4;4194304;97561156;335571512;574077760;54997824
ByteSlicing-avx2;pack;29;33554432;4;4194304;97466257;335986988;574424960;55400704
ByteSlicing-avx2;pack;28;33554432;4;4194304;93490639;338963467;574520000;55494848
ByteSlicing-avx2;pack;27;33554432;4;4194304;97517913;334203372;574183808;55229440
ByteSlicing-avx2;pack;26;33554432;4;4194304;97538842;334749068;574673984;55518528
ByteSlicing-avx2;pack;25;33554432;4;4194304;95077109;337248880;574326464;55306048
ByteSlicing-avx2;pack;24;33554432;4;4194304;82146440;281740231;556654336;41850304
ByteSlicing-avx2;pack;23;33554432;4;4194304;79968061;282656353;556832896;41965824
ByteSlicing-avx2;pack;22;33554432;4;4194304;81925480;279538031;556743104;41808576
ByteSlicing-avx2;pack;21;33554432;4;4194304;82101994;279543793;556818752;41880128
ByteSlicing-avx2;pack;20;33554432;4;4194304;78647716;288257719;556780800;41912832
ByteSlicing-avx2;pack;19;33554432;4;4194304;78563077;286025464;556786688;41926336
ByteSlicing-avx2;pack;18;33554432;4;4194304;78402267;284669577;556689344;41882816
ByteSlicing-avx2;pack;17;33554432;4;4194304;78377379;284257210;556573568;41821504
ByteSlicing-avx2;pack;16;33554432;4;4194304;66134936;233067136;549044608;38557440
ByteSlicing-avx2;pack;15;33554432;4;4194304;68222048;228983286;549040320;38538688
ByteSlicing-avx2;pack;14;33554432;4;4194304;68246879;229241342;548994368;38541056
ByteSlicing-avx2;pack;13;33554432;4;4194304;66263401;232669438;549088128;38616640
ByteSlicing-avx2;pack;12;33554432;4;4194304;66149034;232440084;548983488;38575808
ByteSlicing-avx2;pack;11;33554432;4;4194304;66403450;233319482;549037632;38612608
ByteSlicing-avx2;pack;10;33554432;4;4194304;66530680;234852537;549987264;38731840
ByteSlicing-avx2;pack;9;33554432;4;4194304;66403836;232669496;549077696;38589952
ByteSlicing-avx2;pack;8;33554432;4;4194304;59686486;216636214;543180800;36993536
ByteSlicing-avx2;pack;7;33554432;4;4194304;60876732;212945916;543276288;37050176
ByteSlicing-avx2;pack;6;33554432;4;4194304;62838676;210592929;543241792;37013568
ByteSlicing-avx2;pack;5;33554432;4;4194304;60848556;213479862;543256192;37063936
ByteSlicing-avx2;pack;4;33554432;4;4194304;60901497;213698004;543339392;37006208
ByteSlicing-avx2;pack;3;33554432;4;4194304;62998721;211445184;543446848;37061824
ByteSlicing-avx2;pack;2;33554432;4;4194304;61033554;215381829;543375424;37030528
ByteSlicing-avx2;pack;1;33554432;4;4194304;60818544;213321101;543270592;37034048
ByteSlicing-avx2;pack;32;33554432;4;8388608;110788933;393783118;1055270464;532737664
ByteSlicing-avx2;pack;31;33554432;4;8388608;113665869;392042961;1067269568;544634176
ByteSlicing-avx2;pack;30;33554432;4;8388608;109859783;399392572;1067452608;544731648
ByteSlicing-avx2;pack;29;33554432;4;8388608;113473213;394099250;1067765888;544712576
ByteSlicing-avx2;pack;28;33554432;4;8388608;113538901;391513307;1067022016;544518976
ByteSlicing-avx2;pack;27;33554432;4;8388608;111133276;394386573;1067060992;544637824
ByteSlicing-avx2;pack;26;33554432;4;8388608;113616479;393736783;1067052800;544539904
ByteSlicing-avx2;pack;25;33554432;4;8388608;109813775;397262703;1067219648;544759808
ByteSlicing-avx2;pack;24;33554432;4;8388608;91014498;312160390;912854016;393431296
ByteSlicing-avx2;pack;23;33554432;4;8388608;91860709;315272861;911880960;392419456
ByteSlicing-avx2;pack;22;33554432;4;8388608;91355821;314391589;914244160;393850688
ByteSlicing-avx2;pack;21;33554432;4;8388608;91513898;313782408;912359296;392904000
ByteSlicing-avx2;pack;20;33554432;4;8388608;88238436;319671523;913033152;393552000
ByteSlicing-avx2;pack;19;33554432;4;8388608;91613984;313769998;913237120;393467264
ByteSlicing-avx2;pack;18;33554432;4;8388608;91504442;312486353;912575296;393103104
ByteSlicing-avx2;pack;17;33554432;4;8388608;91864479;316196738;913386432;393168768
ByteSlicing-avx2;pack;16;33554432;4;8388608;74083122;250856649;742674304;226817408
ByteSlicing-avx2;pack;15;33554432;4;8388608;71669686;251767335;739372352;224410176
ByteSlicing-avx2;pack;14;33554432;4;8388608;71817764;252382380;741434176;225673792
ByteSlicing-avx2;pack;13;33554432;4;8388608;73678621;248972007;736968192;221906048
ByteSlicing-avx2;pack;12;33554432;4;8388608;73630625;250292388;741136768;224500864
ByteSlicing-avx2;pack;11;33554432;4;8388608;73822836;250472311;738488704;223475520
ByteSlicing-avx2;pack;10;33554432;4;8388608;70697284;256743306;741570240;225736960
ByteSlicing-avx2;pack;9;33554432;4;8388608;73567911;248628255;737732672;222633792
ByteSlicing-avx2;pack;8;33554432;4;8388608;64332885;215931759;590057472;80065152
ByteSlicing-avx2;pack;7;33554432;4;8388608;64307076;214870087;590647488;80629888
ByteSlicing-avx2;pack;6;33554432;4;8388608;62193307;217806846;590884928;80924544
ByteSlicing-avx2;pack;5;33554432;4;8388608;60948114;221581915;592090752;82164416
ByteSlicing-avx2;pack;4;33554432;4;8388608;64322880;215236362;590281344;80167616
ByteSlicing-avx2;pack;3;33554432;4;8388608;60948592;221327687;591915072;81965248
ByteSlicing-avx2;pack;2;33554432;4;8388608;64108531;213840336;590015168;79950592
ByteSlicing-avx2;pack;1;33554432;4;8388608;61951541;217722541;591459072;81419392
ByteSlicing-avx2;pack;32;33554432;4;16777216;111877780;397017949;1072331712;549548224
ByteSlicing-avx2;pack;31;33554432;4;16777216;113585382;393052973;1076026688;553167808
ByteSlicing-avx2;pack;30;33554432;4;16777216;113984772;394009609;1076095616;553325504
ByteSlicing-avx2;pack;29;33554432;4;16777216;111605286;395867222;1076160704;553178496
ByteSlicing-avx2;pack;28;33554432;4;16777216;113898241;395298504;1076046784;553350528
ByteSlicing-avx2;pack;27;33554432;4;16777216;113557879;393098606;1076000192;553143040
ByteSlicing-avx2;pack;26;33554432;4;16777216;111580769;395615286;1075981568;553304448
ByteSlicing-avx2;pack;25;33554432;4;16777216;113826330;393014938;1076069440;553170112
ByteSlicing-avx2;pack;24;33554432;4;16777216;91127866;333891406;944046464;422234176
ByteSlicing-avx2;pack;23;33554432;4;16777216;93266852;320970916;941690048;421692416
ByteSlicing-avx2;pack;22;33554432;4;16777216;89880250;327151815;941816384;421750976
ByteSlicing-avx2;pack;21;33554432;4;16777216;93073391;319110717;941783040;421682752
ByteSlicing-avx2;pack;20;33554432;4;16777216;93193758;319798456;941759424;421707456
ByteSlicing-avx2;pack;19;33554432;4;16777216;91242886;322131885;941526912;421657024
ByteSlicing-avx2;pack;18;33554432;4;16777216;92596805;317485389;941898816;421734592
ByteSlicing-avx2;pack;17;33554432;4;16777216;92372334;317487411;941801472;421991808
ByteSlicing-avx2;pack;16;33554432;4;16777216;73651878;259566030;807121088;291200896
ByteSlicing-avx2;pack;15;33554432;4;16777216;73899528;260853494;807505152;291397568
ByteSlicing-avx2;pack;14;33554432;4;16777216;75715567;256194429;807196608;291175808
ByteSlicing-avx2;pack;13;33554432;4;16777216;75680468;255833654;807112896;291172224
ByteSlicing-avx2;pack;12;33554432;4;16777216;75984122;256259860;807108352;291138944
ByteSlicing-avx2;pack;11;33554432;4;16777216;73936628;259918748;807158400;291170112
ByteSlicing-avx2;pack;10;33554432;4;16777216;75678245;256250113;807204480;291183168
ByteSlicing-avx2;pack;9;33554432;4;16777216;75677206;255858207;807109120;291171648
ByteSlicing-avx2;pack;8;33554432;4;16777216;66863250;223460115;671840128;160998976
ByteSlicing-avx2;pack;7;33554432;4;16777216;66652513;223233659;671858176;160943424
ByteSlicing-avx2;pack;6;33554432;4;16777216;64660280;226982540;671841664;161007488
ByteSlicing-avx2;pack;5;33554432;4;16777216;63676082;231188828;672013056;161001536
ByteSlicing-avx2;pack;4;33554432;4;16777216;66606778;222972734;671865024;160981312
ByteSlicing-avx2;pack;3;33554432;4;16777216;64712779;228197315;672344448;161033728
ByteSlicing-avx2;pack;2;33554432;4;16777216;66683700;223148099;671867712;161021568
ByteSlicing-avx2;pack;1;33554432;4;16777216;66785585;223961270;671845888;160930240
ByteSlicing-avx2;pack;32;33554432;4;33554432;113904972;394208955;1075396672;552762304
ByteSlicing-avx2;pack;31;33554432;4;33554432;114096881;393626038;1076107328;553214336
ByteSlicing-avx2;pack;30;33554432;4;33554432;113761975;394287143;1076028544;553409920
ByteSlicing-avx2;pack;29;33554432;4;33554432;111678640;396841971;1076025024;553227840
ByteSlicing-avx2;pack;28;33554432;4;33554432;114186925;394682539;1076156672;553402816
ByteSlicing-avx2;pack;27;33554432;4;33554432;114200485;395597805;1076167040;553225024
ByteSlicing-avx2;pack;26;33554432;4;33554432;114248012;395493273;1076125696;553424512
ByteSlicing-avx2;pack;25;33554432;4;33554432;114085050;394249537;1076000960;553202944
ByteSlicing-avx2;pack;24;33554432;4;33554432;93146159;317426146;941535936;421138560
ByteSlicing-avx2;pack;23;33554432;4;33554432;90921257;322233965;941530240;421591744
ByteSlicing-avx2;pack;22;33554432;4;33554432;92639534;317926521;941542848;421796160
ByteSlicing-avx2;pack;21;33554432;4;33554432;92531619;316845942;941573248;421659008
ByteSlicing-avx2;pack;20;33554432;4;33554432;93312251;319065275;941513344;421741632
ByteSlicing-avx2;pack;19;33554432;4;33554432;93419265;321282468;941581760;421608768
ByteSlicing-avx2;pack;18;33554432;4;33554432;91121435;323846350;941774592;421776640
ByteSlicing-avx2;pack;17;33554432;4;33554432;93052159;319004120;941708928;421634304
ByteSlicing-avx2;pack;16;33554432;4;33554432;75956398;256985744;807293952;291150656
ByteSlicing-avx2;pack;15;33554432;4;33554432;75958837;256554761;807169984;291084736
ByteSlicing-avx2;pack;14;33554432;4;33554432;73864783;260131022;807128576;291129472
ByteSlicing-avx2;pack;13;33554432;4;33554432;75552105;255936255;807142784;291107840
ByteSlicing-avx2;pack;12;33554432;4;33554432;73952207;260180192;807137536;291140416
ByteSlicing-avx2;pack;11;33554432;4;33554432;75586852;256487345;807098752;291080576
ByteSlicing-avx2;pack;10;33554432;4;33554432;72707163;263845025;807139072;291128448
ByteSlicing-avx2;pack;9;33554432;4;33554432;75979942;256408019;807171392;291131264
ByteSlicing-avx2;pack;8;33554432;4;33554432;66670120;224033346;673030528;161898304
ByteSlicing-avx2;pack;7;33554432;4;33554432;66713583;224174574;672897920;161869056
ByteSlicing-avx2;pack;6;33554432;4;33554432;63603193;231866087;672706496;161820544
ByteSlicing-avx2;pack;5;33554432;4;33554432;66796476;224291925;672715456;161800960
ByteSlicing-avx2;pack;4;33554432;4;33554432;66797577;224555466;672792384;161803712
ByteSlicing-avx2;pack;3;33554432;4;33554432;66752269;224597148;672765376;161824064
ByteSlicing-avx2;pack;2;33554432;4;33554432;66739245;224878507;672841728;161856704
ByteSlicing-avx2;pack;1;33554432;4;33554432;66846349;224270792;672729344;161844416
