BitWeaving/V-avx2;scan_range_to_bv;32;1073741824;2;1;485419357;1749530774;5086976576;555580672
BitWeaving/V-avx2;scan_range_to_bv;31;1073741824;2;1;558733196;1999448709;5072270208;554846016
BitWeaving/V-avx2;scan_range_to_bv;30;1073741824;2;1;558862878;2006610546;5072914112;554527296
BitWeaving/V-avx2;scan_range_to_bv;29;1073741824;2;1;553733260;1990914587;5071302464;554126720
BitWeaving/V-avx2;scan_range_to_bv;28;1073741824;2;1;556069919;1985711558;5068833728;554162944
BitWeaving/V-avx2;scan_range_to_bv;27;1073741824;2;1;552956759;1993687006;5070623488;554241792
BitWeaving/V-avx2;scan_range_to_bv;26;1073741824;2;1;555640660;1989002787;5070410304;553438144
BitWeaving/V-avx2;scan_range_to_bv;25;1073741824;2;1;555671370;2001738505;5070758720;553202240
BitWeaving/V-avx2;scan_range_to_bv;24;1073741824;2;1;555381810;1989999875;5068774528;552507776
BitWeaving/V-avx2;scan_range_to_bv;23;1073741824;2;1;560454239;1988198585;5076772480;552081344
BitWeaving/V-avx2;scan_range_to_bv;22;1073741824;2;1;548486254;1951048843;5071012672;551921024
BitWeaving/V-avx2;scan_range_to_bv;21;1073741824;2;1;556922813;1989937648;5064848256;551496832
BitWeaving/V-avx2;scan_range_to_bv;20;1073741824;2;1;555806349;1985606942;5049013632;551135552
BitWeaving/V-avx2;scan_range_to_bv;19;1073741824;2;1;552240038;1989124632;5046485376;550710336
BitWeaving/V-avx2;scan_range_to_bv;18;1073741824;2;1;552255278;1982760733;5021979648;550289792
BitWeaving/V-avx2;scan_range_to_bv;17;1073741824;2;1;553876834;1977929619;5022746560;549857600
BitWeaving/V-avx2;scan_range_to_bv;16;1073741824;2;1;541660672;1950813095;4998475648;549103424
BitWeaving/V-avx2;scan_range_to_bv;15;1073741824;2;1;513174040;1831557675;4707905024;546158016
BitWeaving/V-avx2;scan_range_to_bv;14;1073741824;2;1;478227106;1716955423;4425645952;543081344
BitWeaving/V-avx2;scan_range_to_bv;13;1073741824;2;1;454894133;1636762338;4140276480;537866368
BitWeaving/V-avx2;scan_range_to_bv;12;1073741824;2;1;395777905;1410119578;3867227456;534557888
BitWeaving/V-avx2;scan_range_to_bv;11;1073741824;2;1;398516288;1429269641;3551969472;513852608
BitWeaving/V-avx2;scan_range_to_bv;10;1073741824;2;1;372898783;1338871822;3255541248;498011392
BitWeaving/V-avx2;scan_range_to_bv;9;1073741824;2;1;350052546;1256559598;2939448512;468740288
BitWeaving/V-avx2;scan_range_to_bv;8;1073741824;2;1;309171512;1098195750;2619587456;429815680
BitWeaving/V-avx2;scan_range_to_bv;7;1073741824;2;1;275207307;992776460;2297372352;390723328
BitWeaving/V-avx2;scan_range_to_bv;6;1073741824;2;1;252700497;893156874;1963452608;333676864
BitWeaving/V-avx2;scan_range_to_bv;5;1073741824;2;1;201247212;727208270;1645896448;286675776
BitWeaving/V-avx2;scan_range_to_bv;4;1073741824;2;1;179363249;639368864;1271536448;182016832
BitWeaving/V-avx2;scan_range_to_bv;3;1073741824;2;1;145976106;510743626;913288896;92805888
BitWeaving/V-avx2;scan_range_to_bv;2;1073741824;2;1;112297853;388510723;571234304;19368448
BitWeaving/V-avx2;scan_range_to_bv;1;1073741824;2;1;81532565;278186521;287372800;2832832
