BitWeaving/V-avx2;pack;32;33554432;4;256;990326303;3558620005;541965632;39505536
BitWeaving/V-avx2;pack;31;33554432;4;256;953975006;3435746039;542756928;39523264
BitWeaving/V-avx2;pack;30;33554432;4;256;913354366;3288596824;541849472;39309568
BitWeaving/V-avx2;pack;29;33554432;4;256;886616283;3185283555;541466560;39191744
BitWeaving/V-avx2;pack;28;33554432;4;256;854831460;3061486659;542052480;39141632
BitWeaving/V-avx2;pack;27;33554432;4;256;817463657;2924506701;541179136;38957120
BitWeaving/V-avx2;pack;26;33554432;4;256;781237960;2805730679;541276864;38871680
BitWeaving/V-avx2;pack;25;33554432;4;256;841228945;3029214516;543369920;39410624
BitWeaving/V-avx2;pack;24;33554432;4;256;767199788;2748809755;541106880;38810944
BitWeaving/V-avx2;pack;23;33554432;4;256;729223452;2630427840;541677056;38749376
BitWeaving/V-avx2;pack;22;33554432;4;256;697135538;2497456598;540826624;38668736
BitWeaving/V-avx2;pack;21;33554432;4;256;661238141;2366771094;540721728;38439360
BitWeaving/V-avx2;pack;20;33554432;4;256;625065354;2244989098;540981504;38287360
BitWeaving/V-avx2;pack;19;33554432;4;256;587485595;2109555861;540235712;38125888
BitWeaving/V-avx2;pack;18;33554432;4;256;558462852;1997049396;541474560;38221952
BitWeaving/V-avx2;pack;17;33554432;4;256;611533979;2184677762;540489664;38242240
BitWeaving/V-avx2;pack;16;33554432;4;256;537316415;1926881885;540026240;37961728
BitWeaving/V-avx2;pack;15;33554432;4;256;506834924;1811276862;540004864;37856640
BitWeaving/V-avx2;pack;14;33554432;4;256;457280668;1628572936;539816896;37718272
BitWeaving/V-avx2;pack;13;33554432;4;256;430837604;1546375627;539696832;37647040
BitWeaving/V-avx2;pack;12;33554432;4;256;401545958;1428824868;539492672;37541696
BitWeaving/V-avx2;pack;11;33554432;4;256;364870644;1299308716;539198272;37363840
BitWeaving/V-avx2;pack;10;33554432;4;256;327842197;1174443400;539303232;37296000
BitWeaving/V-avx2;pack;9;33554432;4;256;297442884;1066272530;539257536;37173056
BitWeaving/V-avx2;pack;8;33554432;4;256;316142330;1120183830;539318336;37235968
BitWeaving/V-avx2;pack;7;33554432;4;256;279248836;990043791;539293056;37306624
BitWeaving/V-avx2;pack;6;33554432;4;256;241850945;854782733;538912896;36988608
BitWeaving/V-avx2;pack;5;33554432;4;256;208802578;734644994;538755584;36898368
BitWeaving/V-avx2;pack;4;33554432;4;256;171149866;618849501;539425280;36818240
BitWeaving/V-avx2;pack;3;33554432;4;256;141211744;504869144;538587648;36662208
BitWeaving/V-avx2;pack;2;33554432;4;256;113746433;397049450;538705984;36592256
BitWeaving/V-avx2;pack;1;33554432;4;256;82624295;281424828;538484096;36458752
BitWeaving/V-avx2;pack;32;33554432;4;512;1106485164;3977388773;542319040;39864960
BitWeaving/V-avx2;pack;31;33554432;4;512;955009629;3440712971;541721536;39398720
BitWeaving/V-avx2;pack;30;33554432;4;512;922506626;3305028494;541699008;39312704
BitWeaving/V-avx2;pack;29;33554432;4;512;888806930;3194807709;542512704;39257984
BitWeaving/V-avx2;pack;28;33554432;4;512;848554583;3039043923;541618496;39101888
BitWeaving/V-avx2;pack;27;33554432;4;512;816752997;2935741045;541264832;38981888
BitWeaving/V-avx2;pack;26;33554432;4;512;785185967;2821545278;541017984;38814272
BitWeaving/V-avx2;pack;25;33554432;4;512;842188872;3028106022;541644352;39107392
BitWeaving/V-avx2;pack;24;33554432;4;512;870589688;3130405332;542764096;39326784
BitWeaving/V-avx2;pack;23;33554432;4;512;728835171;2625952554;540943808;38656512
BitWeaving/V-avx2;pack;22;33554432;4;512;697225298;2494310281;541025216;38598464
BitWeaving/V-avx2;pack;21;33554432;4;512;662974498;2371540799;541539392;38536896
BitWeaving/V-avx2;pack;20;33554432;4;512;624419451;2248345468;540269760;38257856
BitWeaving/V-avx2;pack;19;33554432;4;512;657321846;2362262130;540475072;38404480
BitWeaving/V-avx2;pack;18;33554432;4;512;553942019;1998504053;540358592;38060224
BitWeaving/V-avx2;pack;17;33554432;4;512;612239631;2197370437;540351616;38256512
BitWeaving/V-avx2;pack;16;33554432;4;512;540393341;1928638316;540225344;38034752
BitWeaving/V-avx2;pack;15;33554432;4;512;502338272;1811025559;540391232;37943488
BitWeaving/V-avx2;pack;14;33554432;4;512;470769894;1677162047;539971136;37809344
BitWeaving/V-avx2;pack;13;33554432;4;512;436186009;1555367831;539640384;37646080
BitWeaving/V-avx2;pack;12;33554432;4;512;385309292;1380944825;539422400;37416768
BitWeaving/V-avx2;pack;11;33554432;4;512;367349667;1305541451;539379392;37415360
BitWeaving/V-avx2;pack;10;33554432;4;512;329366848;1180708443;539314432;37284736
BitWeaving/V-avx2;pack;9;33554432;4;512;374135557;1358775219;541308800;37808768
BitWeaving/V-avx2;pack;8;33554432;4;512;310229628;1119496543;539214208;37211328
BitWeaving/V-avx2;pack;7;33554432;4;512;280604952;993527187;539307584;37130624
BitWeaving/V-avx2;pack;6;33554432;4;512;243016838;867768392;539041984;36989568
BitWeaving/V-avx2;pack;5;33554432;4;512;208378641;745098901;538667776;36866752
BitWeaving/V-avx2;pack;4;33554432;4;512;175785341;626927484;538979840;36834816
BitWeaving/V-avx2;pack;3;33554432;4;512;144451751;503170561;538456000;36663232
BitWeaving/V-avx2;pack;2;33554432;4;512;112022039;397537438;538568384;36598080
BitWeaving/V-avx2;pack;1;33554432;4;512;80186852;282520693;538304832;36425920
BitWeaving/V-avx2;pack;32;33554432;4;1024;987964513;3552663815;541829696;39461184
BitWeaving/V-avx2;pack;31;33554432;4;1024;955599210;3440189864;542490240;39485824
BitWeaving/V-avx2;pack;30;33554432;4;1024;921762094;3309882872;542467584;40011712
BitWeaving/V-avx2;pack;29;33554432;4;1024;886743232;3187703566;541795776;39215296
BitWeaving/V-avx2;pack;28;33554432;4;1024;855544066;3071543682;543224832;39484672
BitWeaving/V-avx2;pack;27;33554432;4;1024;812768251;2928203602;541109952;38940224
BitWeaving/V-avx2;pack;26;33554432;4;1024;785640292;2819925815;540984512;38806848
BitWeaving/V-avx2;pack;25;33554432;4;1024;841612096;3027846563;542064320;39148288
BitWeaving/V-avx2;pack;24;33554432;4;1024;762430946;2741346599;541134784;38777088
BitWeaving/V-avx2;pack;23;33554432;4;1024;729205491;2628879390;542670400;39061056
BitWeaving/V-avx2;pack;22;33554432;4;1024;691039528;2493567749;541625408;38620352
BitWeaving/V-avx2;pack;21;33554432;4;1024;662151401;2365167080;540556992;38432832
BitWeaving/V-avx2;pack;20;33554432;4;1024;625501969;2247469175;541022016;38365504
BitWeaving/V-avx2;pack;19;33554432;4;1024;659210658;2367737153;540655424;38439680
BitWeaving/V-avx2;pack;18;33554432;4;1024;558663040;1994121316;540347328;38127040
BitWeaving/V-avx2;pack;17;33554432;4;1024;611954157;2197810989;540420928;38268224
BitWeaving/V-avx2;pack;16;33554432;4;1024;538962619;1925908465;540013696;38016704
BitWeaving/V-avx2;pack;15;33554432;4;1024;500519260;1805677828;540674880;37968384
BitWeaving/V-avx2;pack;14;33554432;4;1024;469693504;1674499358;540225984;37810304
BitWeaving/V-avx2;pack;13;33554432;4;1024;429811797;1553578046;540603456;37707520
BitWeaving/V-avx2;pack;12;33554432;4;1024;402186345;1431174833;539723008;37567424
BitWeaving/V-avx2;pack;11;33554432;4;1024;361423629;1314508410;542320576;37948096
BitWeaving/V-avx2;pack;10;33554432;4;1024;319707019;1148056351;539698240;37355648
BitWeaving/V-avx2;pack;9;33554432;4;1024;295368966;1066594517;539896384;37138304
BitWeaving/V-avx2;pack;8;33554432;4;1024;312920457;1111383648;539346304;37236480
BitWeaving/V-avx2;pack;7;33554432;4;1024;273521470;986445883;538930176;37060416
BitWeaving/V-avx2;pack;6;33554432;4;1024;244974496;867081273;538971136;37011904
BitWeaving/V-avx2;pack;5;33554432;4;1024;207177527;740332859;538910592;36843072
BitWeaving/V-avx2;pack;4;33554432;4;1024;173691212;619053586;538503552;36732352
BitWeaving/V-avx2;pack;3;33554432;4;1024;141680795;503292803;538607360;36686464
BitWeaving/V-avx2;pack;2;33554432;4;1024;113521634;393127194;538445696;36571392
BitWeaving/V-avx2;pack;1;33554432;4;1024;80209376;283519602;538419648;36461824
BitWeaving/V-avx2;pack;32;33554432;4;2048;988389109;3554247763;543065536;39606592
BitWeaving/V-avx2;pack;31;33554432;4;2048;952834655;3431757259;541740544;39409664
BitWeaving/V-avx2;pack;30;33554432;4;2048;916318200;3300100736;541737664;39255616
BitWeaving/V-avx2;pack;29;33554432;4;2048;884016630;3186238421;542272832;39225472
BitWeaving/V-avx2;pack;28;33554432;4;2048;854884727;3060429840;541588736;39097152
BitWeaving/V-avx2;pack;27;33554432;4;2048;817640018;2929418176;541894912;39067136
BitWeaving/V-avx2;pack;26;33554432;4;2048;781131452;2812817045;544712320;41397504
BitWeaving/V-avx2;pack;25;33554432;4;2048;833395429;2994642505;541571520;39080512
BitWeaving/V-avx2;pack;24;33554432;4;2048;762657461;2739942189;541190976;38766784
BitWeaving/V-avx2;pack;23;33554432;4;2048;731630609;2617931591;541654464;38729088
BitWeaving/V-avx2;pack;22;33554432;4;2048;692197899;2487147526;540817280;38513920
BitWeaving/V-avx2;pack;21;33554432;4;2048;661341090;2365470998;540566208;38406080
BitWeaving/V-avx2;pack;20;33554432;4;2048;625134683;2247532360;540685312;38310016
BitWeaving/V-avx2;pack;19;33554432;4;2048;591404834;2130787205;542241920;38596096
BitWeaving/V-avx2;pack;18;33554432;4;2048;555362287;1992364595;540291392;38092288
BitWeaving/V-avx2;pack;17;33554432;4;2048;611849506;2197576373;540341056;38224896
BitWeaving/V-avx2;pack;16;33554432;4;2048;538634671;1924647021;540992576;38077760
BitWeaving/V-avx2;pack;15;33554432;4;2048;504936193;1800218218;539977536;37914688
BitWeaving/V-avx2;pack;14;33554432;4;2048;465706823;1675665400;540604608;37851840
BitWeaving/V-avx2;pack;13;33554432;4;2048;434359651;1546398801;539779456;37680704
BitWeaving/V-avx2;pack;12;33554432;4;2048;398903865;1432119416;540350400;37572608
BitWeaving/V-avx2;pack;11;33554432;4;2048;361992616;1297901518;539630976;37449984
BitWeaving/V-avx2;pack;10;33554432;4;2048;327931904;1177446068;539890304;37325376
BitWeaving/V-avx2;pack;9;33554432;4;2048;297437088;1067626695;539907328;37247552
BitWeaving/V-avx2;pack;8;33554432;4;2048;301386119;1073098210;540136320;37298816
BitWeaving/V-avx2;pack;7;33554432;4;2048;275214919;985788146;539086592;37124224
BitWeaving/V-avx2;pack;6;33554432;4;2048;244606031;863623777;538920256;37010688
BitWeaving/V-avx2;pack;5;33554432;4;2048;209770219;740766426;538811200;36875264
BitWeaving/V-avx2;pack;4;33554432;4;2048;172669088;615602277;538831936;36809664
BitWeaving/V-avx2;pack;3;33554432;4;2048;141453327;503058729;538500352;36681152
BitWeaving/V-avx2;pack;2;33554432;4;2048;108773211;393956681;538561280;36561216
BitWeaving/V-avx2;pack;1;33554432;4;2048;79063769;287361824;538338368;36398976
BitWeaving/V-avx2;pack;32;33554432;4;4096;988010148;3553988850;542018304;39497728
BitWeaving/V-avx2;pack;31;33554432;4;4096;955346745;3446227569;543779136;39921664
BitWeaving/V-avx2;pack;30;33554432;4;4096;921390206;3305853159;542413888;39397312
BitWeaving/V-avx2;pack;29;33554432;4;4096;885860658;3185711624;541378816;39147968
BitWeaving/V-avx2;pack;28;33554432;4;4096;854125611;3061298214;541376256;39091904
BitWeaving/V-avx2;pack;27;33554432;4;4096;812235862;2928554336;541942464;38965696
BitWeaving/V-avx2;pack;26;33554432;4;4096;784023563;2812915032;543074112;39296768
BitWeaving/V-avx2;pack;25;33554432;4;4096;843672478;3021737881;541476672;39079488
BitWeaving/V-avx2;pack;24;33554432;4;4096;765242840;2738810058;541105152;38784704
BitWeaving/V-avx2;pack;23;33554432;4;4096;720526997;2595142306;542201408;38773184
BitWeaving/V-avx2;pack;22;33554432;4;4096;695022940;2491235150;543309760;40243968
BitWeaving/V-avx2;pack;21;33554432;4;4096;656065105;2364170348;540572800;38389952
BitWeaving/V-avx2;pack;20;33554432;4;4096;628067601;2243572170;540486976;38283840
BitWeaving/V-avx2;pack;19;33554432;4;4096;593093660;2119667130;540350528;38168640
BitWeaving/V-avx2;pack;18;33554432;4;4096;558481580;1995761152;540213248;38062080
BitWeaving/V-avx2;pack;17;33554432;4;4096;612340228;2199878113;541279360;38324928
BitWeaving/V-avx2;pack;16;33554432;4;4096;537052324;1926845394;540333632;38010304
BitWeaving/V-avx2;pack;15;33554432;4;4096;500045024;1804444480;540714944;37901248
BitWeaving/V-avx2;pack;14;33554432;4;4096;468678332;1670804336;539995904;37792960
BitWeaving/V-avx2;pack;13;33554432;4;4096;434051763;1546770709;539600704;37637824
BitWeaving/V-avx2;pack;12;33554432;4;4096;396561034;1430450894;539616256;37560000
BitWeaving/V-avx2;pack;11;33554432;4;4096;361868422;1298562606;539672576;37427520
BitWeaving/V-avx2;pack;10;33554432;4;4096;327579783;1173459646;539566720;37340736
BitWeaving/V-avx2;pack;9;33554432;4;4096;373619152;1347907961;539556416;37427008
BitWeaving/V-avx2;pack;8;33554432;4;4096;308879917;1105971350;539159808;37192384
BitWeaving/V-avx2;pack;7;33554432;4;4096;277827360;986372436;539816192;37141184
BitWeaving/V-avx2;pack;6;33554432;4;4096;238677195;861989714;538813824;36946624
BitWeaving/V-avx2;pack;5;33554432;4;4096;206049837;737243252;539008384;36927744
BitWeaving/V-avx2;pack;4;33554432;4;4096;172578622;616846846;538759872;36763072
BitWeaving/V-avx2;pack;3;33554432;4;4096;141162287;503284902;538439680;36638272
BitWeaving/V-avx2;pack;2;33554432;4;4096;113265604;390301495;538393088;36525888
BitWeaving/V-avx2;pack;1;33554432;4;4096;83248701;282850644;538488896;36491584
BitWeaving/V-avx2;pack;32;33554432;4;8192;983966474;3538173544;542798208;39492928
BitWeaving/V-avx2;pack;31;33554432;4;8192;950297507;3417538900;542493440;39514816
BitWeaving/V-avx2;pack;30;33554432;4;8192;917491849;3287059425;541947456;39330240
BitWeaving/V-avx2;pack;29;33554432;4;8192;880808352;3166803737;542029504;39256832
BitWeaving/V-avx2;pack;28;33554432;4;8192;848013095;3047234734;541792192;39100032
BitWeaving/V-avx2;pack;27;33554432;4;8192;808866591;2914545721;541477952;38940480
BitWeaving/V-avx2;pack;26;33554432;4;8192;780411893;2795756949;541930432;38907008
BitWeaving/V-avx2;pack;25;33554432;4;8192;837392285;3009464317;541324288;38984384
BitWeaving/V-avx2;pack;24;33554432;4;8192;762663373;2730170047;541230272;38743488
BitWeaving/V-avx2;pack;23;33554432;4;8192;726486648;2612549456;541924480;38787840
BitWeaving/V-avx2;pack;22;33554432;4;8192;690912712;2489376163;542708992;38922048
BitWeaving/V-avx2;pack;21;33554432;4;8192;659005308;2356234145;540923968;38455936
BitWeaving/V-avx2;pack;20;33554432;4;8192;623360218;2237885183;540512384;38302080
BitWeaving/V-avx2;pack;19;33554432;4;8192;592645062;2120180515;540810816;38268480
BitWeaving/V-avx2;pack;18;33554432;4;8192;556833881;1996316099;542277952;39225728
BitWeaving/V-avx2;pack;17;33554432;4;8192;610743451;2193869700;540809600;38252864
BitWeaving/V-avx2;pack;16;33554432;4;8192;537076486;1920122439;541087872;38055808
BitWeaving/V-avx2;pack;15;33554432;4;8192;500786370;1799838213;540169536;37883968
BitWeaving/V-avx2;pack;14;33554432;4;8192;467402126;1666249301;540050688;37803840
BitWeaving/V-avx2;pack;13;33554432;4;8192;427952491;1544119502;540028928;37644160
BitWeaving/V-avx2;pack;12;33554432;4;8192;400596777;1424584613;539597184;37505792
BitWeaving/V-avx2;pack;11;33554432;4;8192;364167848;1294536919;539380288;37366784
BitWeaving/V-avx2;pack;10;33554432;4;8192;330264993;1171657907;539306432;37291776
BitWeaving/V-avx2;pack;9;33554432;4;8192;296660866;1064086011;539244928;37168448
BitWeaving/V-avx2;pack;8;33554432;4;8192;311468067;1106253760;539361280;37242304
BitWeaving/V-avx2;pack;7;33554432;4;8192;274617537;983929403;539342528;37122432
BitWeaving/V-avx2;pack;6;33554432;4;8192;244083984;865144134;540053504;37122368
BitWeaving/V-avx2;pack;5;33554432;4;8192;208804000;736027028;538744128;36874560
BitWeaving/V-avx2;pack;4;33554432;4;8192;175285957;615361160;538924416;36794304
BitWeaving/V-avx2;pack;3;33554432;4;8192;141447227;504339800;538674688;36689344
BitWeaving/V-avx2;pack;2;33554432;4;8192;113055699;391107362;538518912;36565440
BitWeaving/V-avx2;pack;1;33554432;4;8192;79056622;286827993;538310720;36397120
BitWeaving/V-avx2;pack;32;33554432;4;16384;987531919;3538844122;542010432;39429696
BitWeaving/V-avx2;pack;31;33554432;4;16384;953642866;3417483836;542194944;39502336
BitWeaving/V-avx2;pack;30;33554432;4;16384;917797240;3297861919;544053056;40179392
BitWeaving/V-avx2;pack;29;33554432;4;16384;884125365;3166341164;541688512;39185600
BitWeaving/V-avx2;pack;28;33554432;4;16384;851124395;3046660776;541621632;39117504
BitWeaving/V-avx2;pack;27;33554432;4;16384;809034336;2915465076;542073792;39023680
BitWeaving/V-avx2;pack;26;33554432;4;16384;780119647;2793987672;541717888;38917696
BitWeaving/V-avx2;pack;25;33554432;4;16384;837135618;3007509301;541399168;39035968
BitWeaving/V-avx2;pack;24;33554432;4;16384;761596363;2727170344;541924544;38821632
BitWeaving/V-avx2;pack;23;33554432;4;16384;728408288;2606186237;541364352;38699968
BitWeaving/V-avx2;pack;22;33554432;4;16384;689467037;2477578071;541091200;38573312
BitWeaving/V-avx2;pack;21;33554432;4;16384;654924750;2352191592;540811392;38431360
BitWeaving/V-avx2;pack;20;33554432;4;16384;625444161;2236862518;540681984;38307584
BitWeaving/V-avx2;pack;19;33554432;4;16384;586724862;2108218961;541348736;38272640
BitWeaving/V-avx2;pack;18;33554432;4;16384;555789137;1983465256;540487360;38110336
BitWeaving/V-avx2;pack;17;33554432;4;16384;598813457;2141491914;541457344;38363392
BitWeaving/V-avx2;pack;16;33554432;4;16384;531087558;1914298752;540541568;38033600
BitWeaving/V-avx2;pack;15;33554432;4;16384;499547496;1796507836;540210240;37913088
BitWeaving/V-avx2;pack;14;33554432;4;16384;466625321;1664140409;540059776;37824704
BitWeaving/V-avx2;pack;13;33554432;4;16384;429449836;1543494313;541157952;38247424
BitWeaving/V-avx2;pack;12;33554432;4;16384;399918090;1424290594;539856576;37593600
BitWeaving/V-avx2;pack;11;33554432;4;16384;363743383;1292474130;539784064;37466368
BitWeaving/V-avx2;pack;10;33554432;4;16384;329693610;1171048418;539410240;37319936
BitWeaving/V-avx2;pack;9;33554432;4;16384;377355532;1341163906;539690368;37486080
BitWeaving/V-avx2;pack;8;33554432;4;16384;306329701;1105687358;539746624;37313600
BitWeaving/V-avx2;pack;7;33554432;4;16384;277016849;983217676;539211456;37126080
BitWeaving/V-avx2;pack;6;33554432;4;16384;241350257;863659676;539284608;37052672
BitWeaving/V-avx2;pack;5;33554432;4;16384;205665648;735671180;539509056;36885376
BitWeaving/V-avx2;pack;4;33554432;4;16384;174793470;614486888;538656192;36747456
BitWeaving/V-avx2;pack;3;33554432;4;16384;139251871;504127269;538826880;36675072
BitWeaving/V-avx2;pack;2;33554432;4;16384;113184589;393538725;538529728;36571264
BitWeaving/V-avx2;pack;1;33554432;4;16384;79283492;286811763;538392064;36469888
BitWeaving/V-avx2;pack;32;33554432;4;32768;987251512;3537644328;541861952;39309632
BitWeaving/V-avx2;pack;31;33554432;4;32768;953468776;3418028033;542989760;39553472
BitWeaving/V-avx2;pack;30;33554432;4;32768;912408408;3293177347;543455488;39648640
BitWeaving/V-avx2;pack;29;33554432;4;32768;880981742;3165494915;541607104;39142912
BitWeaving/V-avx2;pack;28;33554432;4;32768;845564100;3047610176;542225088;39132416
BitWeaving/V-avx2;pack;27;33554432;4;32768;814105355;2913576268;541287296;38964352
BitWeaving/V-avx2;pack;26;33554432;4;32768;777100885;2797427450;543326464;40438976
BitWeaving/V-avx2;pack;25;33554432;4;32768;840266637;3015793485;543259840;39457408
BitWeaving/V-avx2;pack;24;33554432;4;32768;756797637;2726815912;541143744;38725632
BitWeaving/V-avx2;pack;23;33554432;4;32768;725603540;2609306539;541753280;38702208
BitWeaving/V-avx2;pack;22;33554432;4;32768;689541824;2478434945;541160320;38541568
BitWeaving/V-avx2;pack;21;33554432;4;32768;652974966;2353633894;540758080;38396224
BitWeaving/V-avx2;pack;20;33554432;4;32768;625731816;2239119775;540891008;38357056
BitWeaving/V-avx2;pack;19;33554432;4;32768;588159751;2112810842;540645824;38215936
BitWeaving/V-avx2;pack;18;33554432;4;32768;555611930;1985114011;541142272;38161792
BitWeaving/V-avx2;pack;17;33554432;4;32768;596493583;2143625857;540586752;38253632
BitWeaving/V-avx2;pack;16;33554432;4;32768;531148537;1915226266;540304192;37965760
BitWeaving/V-avx2;pack;15;33554432;4;32768;500469809;1795986759;540051264;37952256
BitWeaving/V-avx2;pack;14;33554432;4;32768;461802067;1666251289;540003072;37800384
BitWeaving/V-avx2;pack;13;33554432;4;32768;427113530;1541261487;539830592;37635136
BitWeaving/V-avx2;pack;12;33554432;4;32768;400004034;1424147663;539733504;37568256
BitWeaving/V-avx2;pack;11;33554432;4;32768;363459220;1292621244;539705024;37496576
BitWeaving/V-avx2;pack;10;33554432;4;32768;329687318;1171371738;539518912;37345472
BitWeaving/V-avx2;pack;9;33554432;4;32768;299144025;1060821189;539389888;37236032
BitWeaving/V-avx2;pack;8;33554432;4;32768;305708703;1103861183;540178368;38068608
BitWeaving/V-avx2;pack;7;33554432;4;32768;277064721;981603248;539188032;37167168
BitWeaving/V-avx2;pack;6;33554432;4;32768;240659160;861761306;538836224;36968320
BitWeaving/V-avx2;pack;5;33554432;4;32768;205466805;735465554;539047616;36901760
BitWeaving/V-avx2;pack;4;33554432;4;32768;174714610;614848848;539278208;36788608
BitWeaving/V-avx2;pack;3;33554432;4;32768;141395953;502268963;538455680;36662784
BitWeaving/V-avx2;pack;2;33554432;4;32768;113139760;390795666;538430976;36530368
BitWeaving/V-avx2;pack;1;33554432;4;32768;85076466;290329175;538447040;36457152
BitWeaving/V-avx2;pack;32;33554432;4;65536;987210519;3538360937;542180032;39257856
BitWeaving/V-avx2;pack;31;33554432;4;65536;945209706;3405209428;542183616;39401856
BitWeaving/V-avx2;pack;30;33554432;4;65536;917280953;3288410483;542562944;39331520
BitWeaving/V-avx2;pack;29;33554432;4;65536;881131221;3167846441;541825216;39199936
BitWeaving/V-avx2;pack;28;33554432;4;65536;847486964;3046543188;541591552;39059200
BitWeaving/V-avx2;pack;27;33554432;4;65536;802784246;2895252845;542572736;39082304
BitWeaving/V-avx2;pack;26;33554432;4;65536;777611254;2794605090;541504704;38799040
BitWeaving/V-avx2;pack;25;33554432;4;65536;840582946;3010173835;541511552;39015488
BitWeaving/V-avx2;pack;24;33554432;4;65536;756947735;2728711038;541790208;38783424
BitWeaving/V-avx2;pack;23;33554432;4;65536;725708988;2606608134;541016384;38606336
BitWeaving/V-avx2;pack;22;33554432;4;65536;687867674;2477344719;541009024;38617280
BitWeaving/V-avx2;pack;21;33554432;4;65536;653358498;2362983284;542681408;38820864
BitWeaving/V-avx2;pack;20;33554432;4;65536;625759982;2238403307;540798464;38336000
BitWeaving/V-avx2;pack;19;33554432;4;65536;652138036;2344099929;541621632;38433600
BitWeaving/V-avx2;pack;18;33554432;4;65536;553047338;1987078292;540818304;38062208
BitWeaving/V-avx2;pack;17;33554432;4;65536;609601724;2190088759;540614400;38231360
BitWeaving/V-avx2;pack;16;33554432;4;65536;536413136;1913366843;540415296;38026240
BitWeaving/V-avx2;pack;15;33554432;4;65536;503530641;1803503546;542118976;38278272
BitWeaving/V-avx2;pack;14;33554432;4;65536;461534669;1663428975;539883776;37718848
BitWeaving/V-avx2;pack;13;33554432;4;65536;432440875;1541592167;539755008;37586944
BitWeaving/V-avx2;pack;12;33554432;4;65536;397292458;1425826114;539717248;37549696
BitWeaving/V-avx2;pack;11;33554432;4;65536;360832202;1292746836;539429248;37384640
BitWeaving/V-avx2;pack;10;33554432;4;65536;330062563;1171711879;539329152;37310976
BitWeaving/V-avx2;pack;9;33554432;4;65536;296421140;1061651501;539415040;37208320
BitWeaving/V-avx2;pack;8;33554432;4;65536;305744047;1102781961;539216640;37152512
BitWeaving/V-avx2;pack;7;33554432;4;65536;272147099;982424656;539276800;37096192
BitWeaving/V-avx2;pack;6;33554432;4;65536;243531649;860150828;538766912;36931904
BitWeaving/V-avx2;pack;5;33554432;4;65536;208258483;733181768;538724480;36876864
BitWeaving/V-avx2;pack;4;33554432;4;65536;175375345;617026526;538866944;36833088
BitWeaving/V-avx2;pack;3;33554432;4;65536;141290783;504163030;538602368;36690240
BitWeaving/V-avx2;pack;2;33554432;4;65536;113606095;391633178;538446592;36542208
BitWeaving/V-avx2;pack;1;33554432;4;65536;83990114;285349498;538343488;36444800
BitWeaving/V-avx2;pack;32;33554432;4;131072;982416302;3543744576;542012352;38949440
BitWeaving/V-avx2;pack;31;33554432;4;131072;953668818;3417263395;542925312;39445760
BitWeaving/V-avx2;pack;30;33554432;4;131072;914248320;3286801561;542496256;39325376
BitWeaving/V-avx2;pack;29;33554432;4;131072;874553532;3142285775;542205056;39180288
BitWeaving/V-avx2;pack;28;33554432;4;131072;850711172;3047155700;542462336;39120960
BitWeaving/V-avx2;pack;27;33554432;4;131072;808894462;2914298587;541527680;38871424
BitWeaving/V-avx2;pack;26;33554432;4;131072;780372050;2793610251;541434368;38818048
BitWeaving/V-avx2;pack;25;33554432;4;131072;837927675;3015582648;542960000;39155264
BitWeaving/V-avx2;pack;24;33554432;4;131072;762287198;2728863667;541524672;38796992
BitWeaving/V-avx2;pack;23;33554432;4;131072;725643445;2611056577;541502272;38687872
BitWeaving/V-avx2;pack;22;33554432;4;131072;689855063;2478430769;541182208;38533696
BitWeaving/V-avx2;pack;21;33554432;4;131072;652911942;2353661903;540918912;38349760
BitWeaving/V-avx2;pack;20;33554432;4;131072;625877950;2237820788;541343680;38339392
BitWeaving/V-avx2;pack;19;33554432;4;131072;585684140;2103060012;540502400;38115584
BitWeaving/V-avx2;pack;18;33554432;4;131072;556026510;1993425255;541638784;38416960
BitWeaving/V-avx2;pack;17;33554432;4;131072;613116417;2190329991;540762624;38256832
BitWeaving/V-avx2;pack;16;33554432;4;131072;536168491;1918599009;540542656;38024000
BitWeaving/V-avx2;pack;15;33554432;4;131072;503325922;1797382412;540635328;37937728
BitWeaving/V-avx2;pack;14;33554432;4;131072;466764360;1664466848;540108352;37771648
BitWeaving/V-avx2;pack;13;33554432;4;131072;429854234;1542307980;539964864;37649792
BitWeaving/V-avx2;pack;12;33554432;4;131072;399940920;1423557752;539586304;37495104
BitWeaving/V-avx2;pack;11;33554432;4;131072;364016537;1295852275;539738048;37405440
BitWeaving/V-avx2;pack;10;33554432;4;131072;329693181;1171147016;539601472;37318592
BitWeaving/V-avx2;pack;9;33554432;4;131072;296156716;1060761179;539224896;37177536
BitWeaving/V-avx2;pack;8;33554432;4;131072;307788343;1102800904;539243072;37169152
BitWeaving/V-avx2;pack;7;33554432;4;131072;277145685;980564292;538954816;37091328
BitWeaving/V-avx2;pack;6;33554432;4;131072;240708718;861864169;539215168;36991616
BitWeaving/V-avx2;pack;5;33554432;4;131072;205489299;733575891;538732352;36846848
BitWeaving/V-avx2;pack;4;33554432;4;131072;176056337;617300327;538843456;36815232
BitWeaving/V-avx2;pack;3;33554432;4;131072;141088863;502961472;538623360;36677120
BitWeaving/V-avx2;pack;2;33554432;4;131072;113728690;394198938;538459584;36548800
BitWeaving/V-avx2;pack;1;33554432;4;131072;84090160;285416485;538367552;36463616
BitWeaving/V-avx2;pack;32;33554432;4;262144;984386572;3541159129;541927936;38416512
BitWeaving/V-avx2;pack;31;33554432;4;262144;953645085;3419643750;542946048;39466944
BitWeaving/V-avx2;pack;30;33554432;4;262144;913905015;3289649215;545071104;41582016
BitWeaving/V-avx2;pack;29;33554432;4;262144;884431429;3175871677;544902144;39664960
BitWeaving/V-avx2;pack;28;33554432;4;262144;847630382;3045888996;542317824;39052480
BitWeaving/V-avx2;pack;27;33554432;4;262144;813909309;2914218226;542041984;38924928
BitWeaving/V-avx2;pack;26;33554432;4;262144;777479364;2793403622;541904320;38837760
BitWeaving/V-avx2;pack;25;33554432;4;262144;840750539;3011051237;542337920;39051712
BitWeaving/V-avx2;pack;24;33554432;4;262144;759437422;2737499392;544388672;39250048
BitWeaving/V-avx2;pack;23;33554432;4;262144;725842569;2605799124;541666560;38609536
BitWeaving/V-avx2;pack;22;33554432;4;262144;692882181;2477179787;541462400;38519040
BitWeaving/V-avx2;pack;21;33554432;4;262144;658423116;2357057979;542252864;38480000
BitWeaving/V-avx2;pack;20;33554432;4;262144;625964784;2238936811;541285248;38319168
BitWeaving/V-avx2;pack;19;33554432;4;262144;652409003;2346447254;542124416;38450368
BitWeaving/V-avx2;pack;18;33554432;4;262144;553204950;1985201366;540575936;37953216
BitWeaving/V-avx2;pack;17;33554432;4;262144;609639962;2190379795;541036224;38268544
BitWeaving/V-avx2;pack;16;33554432;4;262144;531253935;1915783140;540741312;37970752
BitWeaving/V-avx2;pack;15;33554432;4;262144;498051829;1795159702;540885312;37882496
BitWeaving/V-avx2;pack;14;33554432;4;262144;466923988;1666569480;540432896;37775360
BitWeaving/V-avx2;pack;13;33554432;4;262144;429593251;1540737273;540322048;37646912
BitWeaving/V-avx2;pack;12;33554432;4;262144;400665664;1434225504;541791936;37961792
BitWeaving/V-avx2;pack;11;33554432;4;262144;364090449;1293327126;539707584;37337024
BitWeaving/V-avx2;pack;10;33554432;4;262144;327006903;1173822650;539565248;37230336
BitWeaving/V-avx2;pack;9;33554432;4;262144;296560207;1065186407;540727744;37864704
BitWeaving/V-avx2;pack;8;33554432;4;262144;305713019;1103494237;539586432;37208192
BitWeaving/V-avx2;pack;7;33554432;4;262144;271865976;981492552;539095168;37047488
BitWeaving/V-avx2;pack;6;33554432;4;262144;243642679;860340586;539223168;37016576
BitWeaving/V-avx2;pack;5;33554432;4;262144;208769121;743912338;540953600;37329984
BitWeaving/V-avx2;pack;4;33554432;4;262144;175994148;615991916;538707648;36747264
BitWeaving/V-avx2;pack;3;33554432;4;262144;141411958;504187545;538638656;36100800
BitWeaving/V-avx2;pack;2;33554432;4;262144;113594298;392857713;538606592;36583104
BitWeaving/V-avx2;pack;1;33554432;4;262144;71780998;243307829;538455808;36408000
BitWeaving/V-avx2;pack;32;33554432;4;524288;984099650;3541191966;541919168;37324288
BitWeaving/V-avx2;pack;31;33554432;4;524288;950982352;3420113884;544765824;39512064
BitWeaving/V-avx2;pack;30;33554432;4;524288;914493785;3287723009;543643264;39308480
BitWeaving/V-avx2;pack;29;33554432;4;524288;881290176;3167922753;543489088;39154304
BitWeaving/V-avx2;pack;28;33554432;4;524288;848013916;3053426934;544440832;39248960
BitWeaving/V-avx2;pack;27;33554432;4;524288;808921075;2914619099;543078784;38939072
BitWeaving/V-avx2;pack;26;33554432;4;524288;778743144;2786702541;543252928;38894720
BitWeaving/V-avx2;pack;25;33554432;4;524288;837407661;3009191739;543768512;39047744
BitWeaving/V-avx2;pack;24;33554432;4;524288;755825379;2703601295;542723328;38795136
BitWeaving/V-avx2;pack;23;33554432;4;524288;728539026;2607098603;542373376;38652224
BitWeaving/V-avx2;pack;22;33554432;4;524288;693042669;2479766793;542276352;38531328
BitWeaving/V-avx2;pack;21;33554432;4;524288;658170751;2353854703;541956160;38413120
BitWeaving/V-avx2;pack;20;33554432;4;524288;622968009;2240510079;542640704;38380608
BitWeaving/V-avx2;pack;19;33554432;4;524288;591517503;2113795223;541854336;38207296
BitWeaving/V-avx2;pack;18;33554432;4;524288;642982290;2301544038;541771968;38383488
BitWeaving/V-avx2;pack;17;33554432;4;524288;609988736;2192216840;541595520;38272768
BitWeaving/V-avx2;pack;16;33554432;4;524288;536683438;1915117904;541451648;38034496
BitWeaving/V-avx2;pack;15;33554432;4;524288;503557660;1797414838;540926912;37861376
BitWeaving/V-avx2;pack;14;33554432;4;524288;462268281;1674735445;542636992;37820352
BitWeaving/V-avx2;pack;13;33554432;4;524288;432502471;1542414883;540724544;37643136
BitWeaving/V-avx2;pack;12;33554432;4;524288;395337440;1424126791;540510592;37546944
BitWeaving/V-avx2;pack;11;33554432;4;524288;361338916;1293860373;540252288;37427584
BitWeaving/V-avx2;pack;10;33554432;4;524288;327024196;1172316325;539975168;37265728
BitWeaving/V-avx2;pack;9;33554432;4;524288;372660451;1339411156;540064064;37419712
BitWeaving/V-avx2;pack;8;33554432;4;524288;310973347;1103648285;539878976;37272448
BitWeaving/V-avx2;pack;7;33554432;4;524288;277110663;988940341;541095808;37487936
BitWeaving/V-avx2;pack;6;33554432;4;524288;240649777;860671750;539533312;37019200
BitWeaving/V-avx2;pack;5;33554432;4;524288;208219959;734411655;539126208;36873472
BitWeaving/V-avx2;pack;4;33554432;4;524288;173334715;616898580;538821056;36735552
BitWeaving/V-avx2;pack;3;33554432;4;524288;141262730;503308105;538816576;36693184
BitWeaving/V-avx2;pack;2;33554432;4;524288;114200946;393008628;538507008;35968576
BitWeaving/V-avx2;pack;1;33554432;4;524288;84747831;289028450;538517440;36451264
BitWeaving/V-avx2;pack;32;33554432;4;1048576;982926733;3544784711;542898432;35584000
BitWeaving/V-avx2;pack;31;33554432;4;1048576;936223260;3368677346;546481536;39633856
BitWeaving/V-avx2;pack;30;33554432;4;1048576;917594307;3288409866;545841088;39546816
BitWeaving/V-avx2;pack;29;33554432;4;1048576;881155041;3169067395;546588416;39481664
BitWeaving/V-avx2;pack;28;33554432;4;1048576;845852636;3047637859;545147264;39235456
BitWeaving/V-avx2;pack;27;33554432;4;1048576;814336000;2916064726;545029056;39134528
BitWeaving/V-avx2;pack;26;33554432;4;1048576;777695776;2799107018;546009792;39159040
BitWeaving/V-avx2;pack;25;33554432;4;1048576;840513672;3010976548;544812224;39176000
BitWeaving/V-avx2;pack;24;33554432;4;1048576;745155965;2681908918;544712640;38924096
BitWeaving/V-avx2;pack;23;33554432;4;1048576;725976313;2609540061;544184896;38786048
BitWeaving/V-avx2;pack;22;33554432;4;1048576;687813479;2480803380;543875456;38678464
BitWeaving/V-avx2;pack;21;33554432;4;1048576;658153239;2354025480;544276288;38581824
BitWeaving/V-avx2;pack;20;33554432;4;1048576;623038818;2237012201;543207040;38439040
BitWeaving/V-avx2;pack;19;33554432;4;1048576;591702584;2114945725;543048128;38308224
BitWeaving/V-avx2;pack;18;33554432;4;1048576;556306789;1986426774;542745472;38192384
BitWeaving/V-avx2;pack;17;33554432;4;1048576;614737978;2196177352;543101376;38404096
BitWeaving/V-avx2;pack;16;33554432;4;1048576;536997454;1919072622;542439936;38085568
BitWeaving/V-avx2;pack;15;33554432;4;1048576;498477109;1796919179;542133888;37919232
BitWeaving/V-avx2;pack;14;33554432;4;1048576;467248192;1666019029;542414976;37847936
BitWeaving/V-avx2;pack;13;33554432;4;1048576;427697026;1542756071;541449472;37674944
BitWeaving/V-avx2;pack;12;33554432;4;1048576;400225776;1425620460;541923072;37629696
BitWeaving/V-avx2;pack;11;33554432;4;1048576;364145015;1297183936;540911360;37452224
BitWeaving/V-avx2;pack;10;33554432;4;1048576;330252496;1173587736;541653440;37409600
BitWeaving/V-avx2;pack;9;33554432;4;1048576;296919660;1070440766;542318912;37628416
BitWeaving/V-avx2;pack;8;33554432;4;1048576;311099921;1103842450;540271680;37253120
BitWeaving/V-avx2;pack;7;33554432;4;1048576;276305067;978628248;540212032;37131712
BitWeaving/V-avx2;pack;6;33554432;4;1048576;238415715;859652675;539590720;36995456
BitWeaving/V-avx2;pack;5;33554432;4;1048576;205745645;734287955;539481408;36856192
BitWeaving/V-avx2;pack;4;33554432;4;1048576;175909553;616695374;539377472;36821312
BitWeaving/V-avx2;pack;3;33554432;4;1048576;139292848;506709984;539282880;37081536
BitWeaving/V-avx2;pack;2;33554432;4;1048576;113745712;392383333;538642240;36551168
BitWeaving/V-avx2;pack;1;33554432;4;1048576;81458711;287117887;538476224;36467648
BitWeaving/V-avx2;pack;32;33554432;4;2097152;982438133;3538989082;543966592;33003584
BitWeaving/V-avx2;pack;31;33554432;4;2097152;951154140;3418103534;551944768;41354752
BitWeaving/V-avx2;pack;30;33554432;4;2097152;912669777;3289496324;552415488;41350720
BitWeaving/V-avx2;pack;29;33554432;4;2097152;879278835;3173372765;552571520;42022272
BitWeaving/V-avx2;pack;28;33554432;4;2097152;846299419;3055864934;551979200;40982848
BitWeaving/V-avx2;pack;27;33554432;4;2097152;814803546;2922176671;550035968;40471552
BitWeaving/V-avx2;pack;26;33554432;4;2097152;778401265;2787341292;549588160;40330240
BitWeaving/V-avx2;pack;25;33554432;4;2097152;837498296;3011721913;550066752;40510912
BitWeaving/V-avx2;pack;24;33554432;4;2097152;762273140;2730790059;548705984;40115072
BitWeaving/V-avx2;pack;23;33554432;4;2097152;724254010;2616028580;550051840;40302976
BitWeaving/V-avx2;pack;22;33554432;4;2097152;681330433;2438950006;548550272;39703296
BitWeaving/V-avx2;pack;21;33554432;4;2097152;655858740;2357559730;547227200;39507520
BitWeaving/V-avx2;pack;20;33554432;4;2097152;618818907;2224045157;547229312;39356800
BitWeaving/V-avx2;pack;19;33554432;4;2097152;589200992;2105341734;546390912;39116480
BitWeaving/V-avx2;pack;18;33554432;4;2097152;641668086;2293425083;548157888;40811712
BitWeaving/V-avx2;pack;17;33554432;4;2097152;610120294;2189921372;545644800;39012416
BitWeaving/V-avx2;pack;16;33554432;4;2097152;536541488;1915472117;545101952;38715328
BitWeaving/V-avx2;pack;15;33554432;4;2097152;498538852;1797293734;545698496;38608512
BitWeaving/V-avx2;pack;14;33554432;4;2097152;467202265;1667973271;544426432;38404032
BitWeaving/V-avx2;pack;13;33554432;4;2097152;427582352;1543284503;544445248;38210624
BitWeaving/V-avx2;pack;12;33554432;4;2097152;400205545;1424384257;543163904;37988480
BitWeaving/V-avx2;pack;11;33554432;4;2097152;364720880;1310317993;545408192;38226816
BitWeaving/V-avx2;pack;10;33554432;4;2097152;327182734;1174778757;542230208;37580800
BitWeaving/V-avx2;pack;9;33554432;4;2097152;294495896;1062947983;542653760;37457856
BitWeaving/V-avx2;pack;8;33554432;4;2097152;311105538;1103045418;541414208;37388928
BitWeaving/V-avx2;pack;7;33554432;4;2097152;277330541;981241604;541237056;37284864
BitWeaving/V-avx2;pack;6;33554432;4;2097152;240598455;860125507;540656256;37082304
BitWeaving/V-avx2;pack;5;33554432;4;2097152;205595981;733821088;540157568;36965120
BitWeaving/V-avx2;pack;4;33554432;4;2097152;173144752;617480136;539835584;36829184
BitWeaving/V-avx2;pack;3;33554432;4;2097152;141368684;503107735;539438016;36680704
BitWeaving/V-avx2;pack;2;33554432;4;2097152;113779332;393804380;538966976;36553408
BitWeaving/V-avx2;pack;1;33554432;4;2097152;81637953;289998149;538584320;36437696
BitWeaving/V-avx2;pack;32;33554432;4;4194304;988515180;3545985055;603126720;83165248
BitWeaving/V-avx2;pack;31;33554432;4;4194304;952235517;3423296829;606438016;87761472
BitWeaving/V-avx2;pack;30;33554432;4;4194304;918353353;3291022562;595405120;77213824
BitWeaving/V-avx2;pack;29;33554432;4;4194304;876560546;3155458814;591586624;72834560
BitWeaving/V-avx2;pack;28;33554432;4;4194304;848661629;3052527616;583236096;65878400
BitWeaving/V-avx2;pack;27;33554432;4;4194304;814805372;2919677579;576598144;59516992
BitWeaving/V-avx2;pack;26;33554432;4;4194304;781299391;2796329541;572264512;55767424
BitWeaving/V-avx2;pack;25;33554432;4;4194304;840920932;3010789202;569598080;53992064
BitWeaving/V-avx2;pack;24;33554432;4;4194304;762625204;2727604900;566621248;51562688
BitWeaving/V-avx2;pack;23;33554432;4;4194304;726539547;2609130445;565761536;50377600
BitWeaving/V-avx2;pack;22;33554432;4;4194304;693304331;2478311714;562404928;48493248
BitWeaving/V-avx2;pack;21;33554432;4;4194304;655851911;2355534977;561336064;47738944
BitWeaving/V-avx2;pack;20;33554432;4;4194304;626095692;2239019848;559476672;46707136
BitWeaving/V-avx2;pack;19;33554432;4;4194304;592429025;2123988756;560325312;46551424
BitWeaving/V-avx2;pack;18;33554432;4;4194304;556674578;1988394541;556603008;45045248
BitWeaving/V-avx2;pack;17;33554432;4;4194304;608300908;2193041264;555707072;44689152
BitWeaving/V-avx2;pack;16;33554432;4;4194304;534194949;1918336302;555436544;44059584
BitWeaving/V-avx2;pack;15;33554432;4;4194304;498851039;1798019342;553406208;43158592
BitWeaving/V-avx2;pack;14;33554432;4;4194304;467452703;1670636829;552219776;42533312
BitWeaving/V-avx2;pack;13;33554432;4;4194304;432636960;1543586117;550916160;41947008
BitWeaving/V-avx2;pack;12;33554432;4;4194304;395397109;1425779923;549506368;41050880
BitWeaving/V-avx2;pack;11;33554432;4;4194304;361252652;1294455257;548371840;40544128
BitWeaving/V-avx2;pack;10;33554432;4;4194304;325123052;1173100393;547062080;39788416
BitWeaving/V-avx2;pack;9;33554432;4;4194304;371558696;1340552628;546707904;40000768
BitWeaving/V-avx2;pack;8;33554432;4;4194304;306000858;1104111782;545247552;39066368
BitWeaving/V-avx2;pack;7;33554432;4;4194304;277211911;981638558;544290880;38580160
BitWeaving/V-avx2;pack;6;33554432;4;4194304;243973473;862394019;544051648;38177024
BitWeaving/V-avx2;pack;5;33554432;4;4194304;208591498;739110821;542731200;37627008
BitWeaving/V-avx2;pack;4;33554432;4;4194304;175752629;617115900;541456192;37273664
BitWeaving/V-avx2;pack;3;33554432;4;4194304;144196813;502669993;540445440;36949120
BitWeaving/V-avx2;pack;2;33554432;4;4194304;98699970;350321578;539710656;36643712
BitWeaving/V-avx2;pack;1;33554432;4;4194304;83872359;285547067;538885376;36488832
BitWeaving/V-avx2;pack;32;33554432;4;8388608;993039530;3560521566;1057249792;536247616
BitWeaving/V-avx2;pack;31;33554432;4;8388608;956738983;3455626411;1054572288;532586560
BitWeaving/V-avx2;pack;30;33554432;4;8388608;924107616;3312458403;1035812032;514671680
BitWeaving/V-avx2;pack;29;33554432;4;8388608;891376016;3192495483;1016262400;496360640
BitWeaving/V-avx2;pack;28;33554432;4;8388608;853385901;3074241756;998356352;478586048
BitWeaving/V-avx2;pack;27;33554432;4;8388608;818797991;2946490114;980651008;460832384
BitWeaving/V-avx2;pack;26;33554432;4;8388608;785612505;2828210362;963424192;443254272
BitWeaving/V-avx2;pack;25;33554432;4;8388608;840861559;3031424070;943514112;424967872
BitWeaving/V-avx2;pack;24;33554432;4;8388608;765320074;2755047729;925356288;406640448
BitWeaving/V-avx2;pack;23;33554432;4;8388608;734033076;2629956943;905479488;387491584
BitWeaving/V-avx2;pack;22;33554432;4;8388608;694589970;2497769737;888500992;370872960
BitWeaving/V-avx2;pack;21;33554432;4;8388608;664525116;2377812962;868153728;351325824
BitWeaving/V-avx2;pack;20;33554432;4;8388608;630617952;2258288863;853055040;335563840
BitWeaving/V-avx2;pack;19;33554432;4;8388608;590470097;2122058854;832043136;315239040
BitWeaving/V-avx2;pack;18;33554432;4;8388608;556051856;1995849316;813551040;298101824
BitWeaving/V-avx2;pack;17;33554432;4;8388608;613877963;2206215502;794195456;278908928
BitWeaving/V-avx2;pack;16;33554432;4;8388608;536743227;1926893979;776137728;261475520
BitWeaving/V-avx2;pack;15;33554432;4;8388608;502738839;1813519143;754592960;240315136
BitWeaving/V-avx2;pack;14;33554432;4;8388608;470713919;1678576164;735352576;221672768
BitWeaving/V-avx2;pack;13;33554432;4;8388608;437182242;1555893797;717788416;204612032
BitWeaving/V-avx2;pack;12;33554432;4;8388608;403215291;1435758931;700216512;187849344
BitWeaving/V-avx2;pack;11;33554432;4;8388608;364322717;1306580049;678649408;166867904
BitWeaving/V-avx2;pack;10;33554432;4;8388608;329250358;1181120607;657406848;146039808
BitWeaving/V-avx2;pack;9;33554432;4;8388608;376099619;1348790328;645917440;135408064
BitWeaving/V-avx2;pack;8;33554432;4;8388608;315488461;1112767044;625560384;114993536
BitWeaving/V-avx2;pack;7;33554432;4;8388608;275126684;987174463;599508992;90648512
BitWeaving/V-avx2;pack;6;33554432;4;8388608;244378686;862624327;584720896;76976704
BitWeaving/V-avx2;pack;5;33554432;4;8388608;209384501;738305149;568686912;61635712
BitWeaving/V-avx2;pack;4;33554432;4;8388608;176554062;618840059;556722048;50695232
BitWeaving/V-avx2;pack;3;33554432;4;8388608;141648069;505281574;549637760;43772096
BitWeaving/V-avx2;pack;2;33554432;4;8388608;114324172;394747417;544629696;40675008
BitWeaving/V-avx2;pack;1;33554432;4;8388608;83994720;285915142;540750528;37811456
BitWeaving/V-avx2;pack;32;33554432;4;16777216;983398718;3528000284;1077008256;554865792
BitWeaving/V-avx2;pack;31;33554432;4;16777216;959464422;3454827225;1063127744;541377920
BitWeaving/V-avx2;pack;30;33554432;4;16777216;925138469;3319644303;1045646400;524893248
BitWeaving/V-avx2;pack;29;33554432;4;16777216;888902442;3198494397;1028291264;508051520
BitWeaving/V-avx2;pack;28;33554432;4;16777216;859387239;3080523211;1012331200;491748864
BitWeaving/V-avx2;pack;27;33554432;4;16777216;822378307;2947163264;994835584;474992704
BitWeaving/V-avx2;pack;26;33554432;4;16777216;786303771;2826432575;977733312;458634176
BitWeaving/V-avx2;pack;25;33554432;4;16777216;843268512;3032876377;962191488;442313344
BitWeaving/V-avx2;pack;24;33554432;4;16777216;768613096;2751162796;943930176;425577856
BitWeaving/V-avx2;pack;23;33554432;4;16777216;733081421;2635536289;927107392;409055168
BitWeaving/V-avx2;pack;22;33554432;4;16777216;698283454;2496973635;910802880;392586624
BitWeaving/V-avx2;pack;21;33554432;4;16777216;662070953;2366567071;893746240;376141120
BitWeaving/V-avx2;pack;20;33554432;4;16777216;628194627;2254231948;876072320;359542080
BitWeaving/V-avx2;pack;19;33554432;4;16777216;593437023;2129881788;859405888;343208192
BitWeaving/V-avx2;pack;18;33554432;4;16777216;556976935;2001081008;842548736;326609024
BitWeaving/V-avx2;pack;17;33554432;4;16777216;600186756;2156811583;825676544;310413824
BitWeaving/V-avx2;pack;16;33554432;4;16777216;540825227;1930356003;808615552;293890368
BitWeaving/V-avx2;pack;15;33554432;4;16777216;509658005;1821261357;792832640;277582656
BitWeaving/V-avx2;pack;14;33554432;4;16777216;468691142;1682165831;774790464;261013760
BitWeaving/V-avx2;pack;13;33554432;4;16777216;438132714;1562001163;758428480;244694336
BitWeaving/V-avx2;pack;12;33554432;4;16777216;404414228;1439948594;740894848;228320704
BitWeaving/V-avx2;pack;11;33554432;4;16777216;369037295;1312585078;723780480;211728768
BitWeaving/V-avx2;pack;10;33554432;4;16777216;333859608;1185999927;706788096;195307840
BitWeaving/V-avx2;pack;9;33554432;4;16777216;299199424;1070658289;689359936;178509824
BitWeaving/V-avx2;pack;8;33554432;4;16777216;316486595;1116915257;672760960;162802560
BitWeaving/V-avx2;pack;7;33554432;4;16777216;276489233;992458929;655662784;145063488
BitWeaving/V-avx2;pack;6;33554432;4;16777216;245622330;868457594;637674624;128754944
BitWeaving/V-avx2;pack;5;33554432;4;16777216;212808474;749402366;620200320;112062976
BitWeaving/V-avx2;pack;4;33554432;4;16777216;179166162;630656102;600876736;93203456
BitWeaving/V-avx2;pack;3;33554432;4;16777216;145125203;506220863;583659520;77075328
BitWeaving/V-avx2;pack;2;33554432;4;16777216;112575704;401820322;566743552;61623552
BitWeaving/V-avx2;pack;1;33554432;4;16777216;84705642;288063678;552065984;48504256
BitWeaving/V-avx2;pack;32;33554432;4;33554432;993543641;3558879781;1078670336;557373888
BitWeaving/V-avx2;pack;31;33554432;4;33554432;957596331;3430973996;1063141952;541518784
BitWeaving/V-avx2;pack;30;33554432;4;33554432;920146103;3315185113;1045479488;524917568
BitWeaving/V-avx2;pack;29;33554432;4;33554432;888618505;3194568591;1028370944;508206912
BitWeaving/V-avx2;pack;28;33554432;4;33554432;856848115;3083117477;1013254656;492101440
BitWeaving/V-avx2;pack;27;33554432;4;33554432;822714165;2945179917;994719936;475001344
BitWeaving/V-avx2;pack;26;33554432;4;33554432;786522014;2825626931;977638848;458649920
BitWeaving/V-avx2;pack;25;33554432;4;33554432;846593014;3033813917;962158976;442396288
BitWeaving/V-avx2;pack;24;33554432;4;33554432;763599330;2749603425;944070336;425685952
BitWeaving/V-avx2;pack;23;33554432;4;33554432;733204694;2633194591;927006848;408977216
BitWeaving/V-avx2;pack;22;33554432;4;33554432;695247228;2495503890;909902400;392593984
BitWeaving/V-avx2;pack;21;33554432;4;33554432;662226514;2376119487;892795968;375762624
BitWeaving/V-avx2;pack;20;33554432;4;33554432;631210666;2258130776;877123584;359755968
BitWeaving/V-avx2;pack;19;33554432;4;33554432;595203751;2144779991;861249024;343486336
BitWeaving/V-avx2;pack;18;33554432;4;33554432;559930685;1999856905;842436608;326652096
BitWeaving/V-avx2;pack;17;33554432;4;33554432;617725336;2207608626;826040000;310524224
BitWeaving/V-avx2;pack;16;33554432;4;33554432;524275598;1883453655;809044416;293842752
BitWeaving/V-avx2;pack;15;33554432;4;33554432;509507448;1819060816;792700672;277613184
BitWeaving/V-avx2;pack;14;33554432;4;33554432;468796431;1682595995;775214080;261096320
BitWeaving/V-avx2;pack;13;33554432;4;33554432;435224558;1570100224;760184640;245130816
BitWeaving/V-avx2;pack;12;33554432;4;33554432;404176486;1440194157;740965184;228407488
BitWeaving/V-avx2;pack;11;33554432;4;33554432;365996846;1314335793;724780800;211972800
BitWeaving/V-avx2;pack;10;33554432;4;33554432;334138829;1185702650;707108032;195583168
BitWeaving/V-avx2;pack;9;33554432;4;33554432;302175008;1074607525;690939648;179284544
BitWeaving/V-avx2;pack;8;33554432;4;33554432;314450433;1115526470;673587840;163463104
BitWeaving/V-avx2;pack;7;33554432;4;33554432;279828139;991830991;657369152;146801088
BitWeaving/V-avx2;pack;6;33554432;4;33554432;242803827;867912083;639645952;130623168
BitWeaving/V-avx2;pack;5;33554432;4;33554432;208177575;753736480;622818112;114567488
BitWeaving/V-avx2;pack;4;33554432;4;33554432;179217908;631140841;605876416;98170368
BitWeaving/V-avx2;pack;3;33554432;4;33554432;145581575;507195468;588843328;82417920
BitWeaving/V-avx2;pack;2;33554432;4;33554432;115371726;400829288;572007616;66885952
BitWeaving/V-avx2;pack;1;33554432;4;33554432;82113581;290419036;555162688;51535680
