BitWeaving/V-avx2;scan_range_to_bv;32;1073741824;8;0.00390625;2225452821;7997980488;21015149056;2383130496
BitWeaving/V-avx2;scan_range_to_bv;31;1073741824;8;0.00390625;1954762566;7023228008;21034025600;2380960576
BitWeaving/V-avx2;scan_range_to_bv;30;1073741824;8;0.00390625;2220651861;7979517148;21011602304;2381151168
BitWeaving/V-avx2;scan_range_to_bv;29;1073741824;8;0.00390625;2220711809;7981101751;21013188288;2382209536
BitWeaving/V-avx2;scan_range_to_bv;28;1073741824;8;0.00390625;2124487203;7641635417;21024824512;2384995712
BitWeaving/V-avx2;scan_range_to_bv;27;1073741824;8;0.00390625;2216680925;7976379068;21013339136;2381396928
BitWeaving/V-avx2;scan_range_to_bv;26;1073741824;8;0.00390625;2212780448;7979873148;21012079552;2381474048
BitWeaving/V-avx2;scan_range_to_bv;25;1073741824;8;0.00390625;2218811165;7989414751;21017676032;2383788928
BitWeaving/V-avx2;scan_range_to_bv;24;1073741824;8;0.00390625;2221485479;7987321816;21005917248;2379732352
BitWeaving/V-avx2;scan_range_to_bv;23;1073741824;8;0.00390625;2219036478;7976115672;21039407552;2380718592
BitWeaving/V-avx2;scan_range_to_bv;22;1073741824;8;0.00390625;2210855680;7946185025;20978031488;2375953152
BitWeaving/V-avx2;scan_range_to_bv;21;1073741824;8;0.00390625;2212214327;7969486419;20989403904;2379971328
BitWeaving/V-avx2;scan_range_to_bv;20;1073741824;8;0.00390625;2151276520;7745222391;20946282688;2377672384
BitWeaving/V-avx2;scan_range_to_bv;19;1073741824;8;0.00390625;2199248631;7901655310;20895415552;2377335232
BitWeaving/V-avx2;scan_range_to_bv;18;1073741824;8;0.00390625;2205676741;7930266741;20770905216;2378195264
BitWeaving/V-avx2;scan_range_to_bv;17;1073741824;8;0.00390625;2197196374;7897443716;20781100608;2377565888
BitWeaving/V-avx2;scan_range_to_bv;16;1073741824;8;0.00390625;2005083720;7194883755;20627978944;2376688896
BitWeaving/V-avx2;scan_range_to_bv;15;1073741824;8;0.00390625;2044112862;7358883839;19558979264;2375834048
BitWeaving/V-avx2;scan_range_to_bv;14;1073741824;8;0.00390625;1791264139;6439665688;18493530624;2373339136
BitWeaving/V-avx2;scan_range_to_bv;13;1073741824;8;0.00390625;1851535056;6657663753;17428774016;2377016000
BitWeaving/V-avx2;scan_range_to_bv;12;1073741824;8;0.00390625;1743369807;6274905570;16353145984;2373121024
BitWeaving/V-avx2;scan_range_to_bv;11;1073741824;8;0.00390625;1657777201;5957669842;15279047104;2371903680
BitWeaving/V-avx2;scan_range_to_bv;10;1073741824;8;0.00390625;1575568576;5658974639;14203862464;2368801472
BitWeaving/V-avx2;scan_range_to_bv;9;1073741824;8;0.00390625;1489151006;5358193373;13131425472;2371346560
BitWeaving/V-avx2;scan_range_to_bv;8;1073741824;8;0.00390625;1288367869;4621688355;12055163328;2369150464
BitWeaving/V-avx2;scan_range_to_bv;7;1073741824;8;0.00390625;1175845294;4218536034;10979037056;2366245376
BitWeaving/V-avx2;scan_range_to_bv;6;1073741824;8;0.00390625;1064782589;3821235298;9903540608;2364267520
BitWeaving/V-avx2;scan_range_to_bv;5;1073741824;8;0.00390625;932326499;3345575121;8827908992;2361952512
BitWeaving/V-avx2;scan_range_to_bv;4;1073741824;8;0.00390625;809016214;2906584701;7751617856;2361228672
BitWeaving/V-avx2;scan_range_to_bv;3;1073741824;8;0.00390625;690744362;2472707578;6676834624;2359885824
BitWeaving/V-avx2;scan_range_to_bv;2;1073741824;8;0.00390625;575807475;2068327660;5599573120;2357395264
BitWeaving/V-avx2;scan_range_to_bv;1;1073741824;8;0.00390625;471642159;1698863365;4505811776;2353116928
