BitWeaving/V-avx2;scan_range_to_bv;32;1073741824;8;0.00390625;1938527677;6982459370;17756126848;157748224
BitWeaving/V-avx2;scan_range_to_bv;31;1073741824;8;0.00390625;2031102068;7322992439;17769977152;158428736
BitWeaving/V-avx2;scan_range_to_bv;30;1073741824;8;0.00390625;1992616331;7164765776;17772841472;157459136
BitWeaving/V-avx2;scan_range_to_bv;29;1073741824;8;0.00390625;1852622342;6658958945;17780839104;157014016
BitWeaving/V-avx2;scan_range_to_bv;28;1073741824;8;0.00390625;2026453999;7300862101;17764139840;157135936
BitWeaving/V-avx2;scan_range_to_bv;27;1073741824;8;0.00390625;2028988522;7307205727;17762612608;156869760
BitWeaving/V-avx2;scan_range_to_bv;26;1073741824;8;0.00390625;2029251743;7307844057;17765179840;158252800
BitWeaving/V-avx2;scan_range_to_bv;25;1073741824;8;0.00390625;2031465719;7308211670;17767057536;156304256
BitWeaving/V-avx2;scan_range_to_bv;24;1073741824;8;0.00390625;2031899828;7311162360;17743180608;157169664
BitWeaving/V-avx2;scan_range_to_bv;23;1073741824;8;0.00390625;2029175473;7293535299;17800130816;156649472
BitWeaving/V-avx2;scan_range_to_bv;22;1073741824;8;0.00390625;2029953457;7300937657;17729570304;156470528
BitWeaving/V-avx2;scan_range_to_bv;21;1073741824;8;0.00390625;2026585681;7285938566;17734811392;154853952
BitWeaving/V-avx2;scan_range_to_bv;20;1073741824;8;0.00390625;1773725611;6382511386;17824783552;153668160
BitWeaving/V-avx2;scan_range_to_bv;19;1073741824;8;0.00390625;2019968409;7267117534;17621128064;154166464
BitWeaving/V-avx2;scan_range_to_bv;18;1073741824;8;0.00390625;2012712128;7258348798;17480903872;153739392
BitWeaving/V-avx2;scan_range_to_bv;17;1073741824;8;0.00390625;2009316818;7231592643;17496461760;154260928
BitWeaving/V-avx2;scan_range_to_bv;16;1073741824;8;0.00390625;1952968551;7030946753;17309579648;152490688
BitWeaving/V-avx2;scan_range_to_bv;15;1073741824;8;0.00390625;1848450799;6650556311;16237320896;151047104
BitWeaving/V-avx2;scan_range_to_bv;14;1073741824;8;0.00390625;1721839087;6202748089;15170413568;149805184
BitWeaving/V-avx2;scan_range_to_bv;13;1073741824;8;0.00390625;1642467253;5898182180;14101482176;148407552
BitWeaving/V-avx2;scan_range_to_bv;12;1073741824;8;0.00390625;1532972567;5521221196;13033465024;147911296
BitWeaving/V-avx2;scan_range_to_bv;11;1073741824;8;0.00390625;1435432119;5170024692;11956755392;146053632
BitWeaving/V-avx2;scan_range_to_bv;10;1073741824;8;0.00390625;1342180738;4827496261;10882172736;144907200
BitWeaving/V-avx2;scan_range_to_bv;9;1073741824;8;0.00390625;1113838813;3996547385;9808016832;143156224
BitWeaving/V-avx2;scan_range_to_bv;8;1073741824;8;0.00390625;1077180730;3865622175;8731810432;141609600
BitWeaving/V-avx2;scan_range_to_bv;7;1073741824;8;0.00390625;958070258;3433700567;7656364992;139733632
BitWeaving/V-avx2;scan_range_to_bv;6;1073741824;8;0.00390625;850576951;3058844731;6579404864;137525056
BitWeaving/V-avx2;scan_range_to_bv;5;1073741824;8;0.00390625;715360584;2564166010;5503857024;134713216
BitWeaving/V-avx2;scan_range_to_bv;4;1073741824;8;0.00390625;604580041;2158991014;4425221888;131141632
BitWeaving/V-avx2;scan_range_to_bv;3;1073741824;8;0.00390625;477113173;1712128270;3347102272;126223616
BitWeaving/V-avx2;scan_range_to_bv;2;1073741824;8;0.00390625;368157419;1309039802;2264145344;115878144
BitWeaving/V-avx2;scan_range_to_bv;1;1073741824;8;0.00390625;242296418;875289419;1164359808;86495168
